id,reward,distance_to_goal,episode_distance,success,spl,steps
9,12.04153823852539,0.18930190801620483,2.2468395233154297,1.0,1.0,4
9,11.510588645935059,0.14642925560474396,1.6900179386138916,1.0,0.7493704017017919,5
4,11.775418281555176,0.3487422466278076,2.1571600437164307,1.0,0.9906491442165493,5
0,10.947542190551758,0.17173688113689423,1.149278998374939,1.0,0.7161850023372388,5
8,11.637578964233398,0.356140673160553,2.0227198600769043,1.0,0.9235744851926528,6
1,11.75279426574707,0.2646065652370453,2.058400869369507,1.0,1.0,6
6,12.558839797973633,0.248389333486557,2.853229284286499,1.0,0.8765203551584001,7
0,12.36268424987793,0.32820263504981995,2.733887195587158,1.0,0.8716457721907145,7
7,11.82411003112793,0.15942639112472534,2.03753662109375,1.0,0.5581109024310175,8
1,11.282520294189453,0.3878532648086548,1.7233738899230957,1.0,0.7161476107775284,9
0,12.912145614624023,0.34667742252349854,3.315823554992676,1.0,0.916034223342231,11
9,12.886887550354004,0.4050549268722534,3.334942102432251,1.0,0.9333345810924755,7
8,12.12236213684082,0.3157067894935608,2.471068859100342,1.0,1.0,5
1,11.702174186706543,0.3413296639919281,2.136503219604492,1.0,0.9065522098400951,14
3,13.14435863494873,0.3245978057384491,3.5159566402435303,1.0,0.8464339228331832,9
3,13.18165397644043,0.17049644887447357,3.413149833679199,1.0,0.73512152477944,10
7,10.700127601623535,0.3761036992073059,1.1812313795089722,1.0,0.6354742863739266,20
3,11.373651504516602,0.2881333529949188,1.7697844505310059,1.0,1.0,20
0,11.665188789367676,0.2703815698623657,2.0165698528289795,1.0,1.0,11
4,12.681514739990234,0.28527021408081055,3.003784656524658,1.0,1.0,7
7,14.224966049194336,0.08947007358074188,4.391436576843262,1.0,0.8991042228106616,15
6,13.244874000549316,0.22270628809928894,3.5335805416107178,1.0,0.9378761379077909,11
2,12.042705535888672,0.20520415902137756,2.3799092769622803,1.0,0.9819569621122015,26
7,11.9630765914917,0.2087492197751999,2.2068252563476562,1.0,0.6750111834486583,6
3,12.015284538269043,0.19449037313461304,2.24977445602417,1.0,0.819072004669183,7
8,13.219521522521973,0.29763084650039673,3.5731520652770996,1.0,0.981033537363121,9
8,13.225650787353516,0.27636948227882385,3.5880203247070312,1.0,0.676605784829615,15
6,11.553105354309082,0.3209964632987976,2.016101837158203,1.0,0.829105896313499,28
6,13.102468490600586,0.28305813670158386,3.436525821685791,1.0,0.8606067650581778,8
7,13.619720458984375,0.17746573686599731,3.8571865558624268,1.0,0.8950670799593807,11
9,13.286563873291016,0.17989277839660645,3.526456356048584,1.0,0.6823891236270752,11
5,12.154327392578125,0.38086095452308655,2.5991883277893066,1.0,0.6401189651157013,10
5,13.968757629394531,0.1754412204027176,4.281198501586914,1.0,0.5955517593651766,24
7,12.107683181762695,0.363514244556427,2.50319766998291,1.0,0.9791410537458753,6
1,13.346991539001465,0.10737995058298111,3.6143710613250732,1.0,0.35083009489792233,31
2,13.620548248291016,0.1856016218662262,3.8511502742767334,1.0,0.8695022953841713,8
7,13.23221206665039,0.37431401014328003,3.701526403427124,1.0,0.5918660927071611,15
9,10.779045104980469,0.25688818097114563,1.2849332094192505,1.0,1.0,50
9,12.318771362304688,0.42270007729530334,2.782470941543579,1.0,0.9301796796335801,9
0,14.194658279418945,0.0670042335987091,4.334661960601807,1.0,0.9204964276990688,13
3,13.442615509033203,0.25102922320365906,3.7706446647644043,1.0,0.9510046050217439,15
7,14.615218162536621,0.19787290692329407,4.893091201782227,1.0,0.8862158428914954,15
8,12.450508117675781,0.3770256042480469,2.8655335903167725,1.0,0.8290718675693107,6
1,14.075422286987305,0.26649734377861023,4.388919830322266,1.0,0.9058108295374326,9
4,13.593033790588379,0.11601440608501434,3.7660481929779053,1.0,0.7639624018795367,11
2,14.403162002563477,0.2234460562467575,4.684607982635498,1.0,0.9173815821243873,10
2,15.347437858581543,0.2600191831588745,5.845458030700684,1.0,0.5111756755809733,43
3,12.382721900939941,0.126305490732193,2.832026720046997,1.0,0.26737631514904164,60
6,14.180354118347168,0.38502639532089233,4.601380348205566,1.0,1.0,8
7,13.034372329711914,0.0926474779844284,3.191019296646118,1.0,0.8951866787181053,10
9,15.722346305847168,0.1786007136106491,5.974946022033691,1.0,0.9467944615066217,15
8,11.011974334716797,0.3596082031726837,1.7435823678970337,1.0,0.11561865124371722,68
6,13.617944717407227,0.11516962200403214,3.811115026473999,1.0,0.8610838687943287,14
4,12.951904296875,0.2062961906194687,3.200200080871582,1.0,0.8724042493548098,8
4,14.3956298828125,0.3916800916194916,4.85530948638916,1.0,0.820556870289409,12
5,15.638090133666992,0.3772875964641571,6.0953779220581055,1.0,0.8752959437222133,15
6,12.94160270690918,0.09503870457410812,3.4266409873962402,1.0,0.33292006832953314,74
8,15.298833847045898,0.3208293914794922,5.757664203643799,1.0,0.9281527198900855,26
5,13.459149360656738,0.31568408012390137,3.8458330631256104,1.0,0.7408879628027747,12
4,12.55903148651123,0.13048656284809113,2.7755179405212402,1.0,0.5879827523579085,15
6,13.165360450744629,0.005902057979255915,3.233262538909912,1.0,0.9259946431236874,12
6,16.60634422302246,0.30589160323143005,7.0192365646362305,1.0,0.9558827977640216,21
8,14.995731353759766,0.3764825761318207,5.4442138671875,1.0,0.8105250102790483,14
7,11.596208572387695,0.2717752158641815,2.0969831943511963,1.0,0.7702175346215606,46
1,13.870290756225586,0.0681908130645752,3.9964821338653564,1.0,0.8110632723120004,10
2,13.093988418579102,0.37281182408332825,3.548799991607666,1.0,0.7593689290361931,13
1,15.490270614624023,0.2701798379421234,5.826450824737549,1.0,0.9825167985468762,14
3,16.924482345581055,0.24934551119804382,7.292827606201172,1.0,0.7384403350254782,21
6,14.211746215820312,0.23811878263950348,4.744864463806152,1.0,0.9547794729554945,58
0,12.580204963684082,0.19706811010837555,2.8602728843688965,1.0,0.7827720209740572,15
4,12.351579666137695,0.21387511491775513,3.1094541549682617,1.0,0.6065758335026264,106
5,16.422523498535156,0.34155234694480896,6.844076633453369,1.0,0.8747282851569724,15
2,13.914533615112305,0.20330585539340973,4.172839641571045,1.0,0.8380316061638459,10
1,12.231485366821289,0.04058465361595154,2.309070110321045,1.0,0.8494583207128046,7
9,12.39009952545166,0.40680429339408875,3.027904987335205,1.0,0.47063812660406945,44
2,15.586009979248047,0.20476137101650238,5.928771495819092,1.0,0.8480013880625462,26
2,13.540472030639648,0.30989229679107666,4.304368495941162,1.0,0.7759874579319603,91
5,12.671613693237305,0.3416709899902344,3.077284336090088,1.0,1.0,13
7,13.152538299560547,0.09020920842885971,3.3167476654052734,1.0,0.6814839961618466,15
0,16.58090591430664,0.2484697848558426,6.900376796722412,1.0,0.8856071237966471,15
9,16.955299377441406,0.244942307472229,7.320242881774902,1.0,0.9441902441310918,23
3,17.507911682128906,0.1250975877046585,7.76701021194458,1.0,0.9005360387698582,27
2,12.359944343566895,0.28313902020454407,2.7510828971862793,1.0,0.5837418363683357,20
6,12.823776245117188,0.40944814682006836,3.2702245712280273,1.0,0.982417752386902,7
0,14.21279239654541,0.20595118403434753,4.477743625640869,1.0,0.9421306485419685,9
0,15.54631233215332,0.3883492648601532,5.983661651611328,1.0,1.0,10
4,14.359670639038086,0.15487375855445862,5.148550033569336,1.0,0.44713095944476944,121
5,11.916955947875977,0.13739332556724548,2.1263492107391357,1.0,0.7891417341875503,14
4,13.395609855651855,0.15851756930351257,3.8421273231506348,1.0,0.698228540600427,56
3,13.909978866577148,0.01984039694070816,3.9848194122314453,1.0,0.9599456019813303,10
9,14.904130935668945,0.37652406096458435,5.3356547355651855,1.0,0.9969653328938185,10
7,12.479936599731445,0.2828800082206726,2.9998161792755127,1.0,0.3667715419544286,44
1,12.589363098144531,0.30486616492271423,2.983229160308838,1.0,0.9206160529507432,18
0,13.316798210144043,0.27058619260787964,3.799384117126465,1.0,0.474702007618721,39
4,17.965370178222656,0.34189650416374207,8.565266609191895,1.0,0.5976592084484524,47
5,11.767227172851562,0.33255910873413086,2.6507861614227295,1.0,0.7145377764010723,111
2,12.55799388885498,0.054576575756073,2.68557071685791,1.0,0.720672828229222,13
0,17.579511642456055,0.055353887379169464,7.774865627288818,1.0,0.7518926265607434,27
3,12.791274070739746,0.18605075776576996,3.025324583053589,1.0,0.9670561830292499,8
3,12.745633125305176,0.2582574188709259,3.0488901138305664,1.0,0.8644217024399552,8
3,16.116697311401367,0.1613590121269226,6.427056789398193,1.0,0.8928405132928834,27
7,13.751760482788086,0.255867600440979,4.094629287719727,1.0,1.0,17
3,16.104412078857422,0.04160820320248604,6.229020118713379,1.0,0.9059407185986397,18
5,18.101238250732422,0.03172468766570091,8.326963424682617,1.0,0.9339966756579073,36
3,15.826362609863281,0.1849142611026764,6.233280181884766,1.0,0.9138800693710041,44
5,13.541400909423828,0.2998517155647278,4.032252311706543,1.0,0.37577281531382983,33
4,12.826398849487305,0.24206973612308502,3.16446852684021,1.0,0.49910162881546644,17
0,14.831399917602539,0.1807597279548645,5.2241597175598145,1.0,0.5175218938840683,39
6,11.995880126953125,0.2209397703409195,2.2788195610046387,1.0,0.9231341960448379,12
0,13.888601303100586,0.21177077293395996,4.197373390197754,1.0,0.8376526957925914,19
4,17.493879318237305,0.265641450881958,7.90852165222168,1.0,0.8484516327216731,27
6,13.78436279296875,0.07042187452316284,4.049783706665039,1.0,0.37971193195319636,35
7,16.372215270996094,0.1356872320175171,6.633904457092285,1.0,0.9010381614209707,23
2,19.026023864746094,0.3412092924118042,9.857234954833984,1.0,0.88948374872884,97
8,14.908103942871094,0.37353503704071045,5.3436384201049805,1.0,0.9974009176804255,12
8,14.049284934997559,0.21094495058059692,4.3272294998168945,1.0,0.9980527699514987,13
4,13.305375099182129,0.3272901177406311,4.373663902282715,1.0,0.8968946266333726,149
9,19.407855987548828,0.3590843081474304,10.019943237304688,1.0,0.8281921730074014,49
2,18.047348022460938,0.25111761689186096,8.390466690063477,1.0,0.915466337062726,18
3,12.417886734008789,0.415813684463501,3.1016993522644043,1.0,0.9831242371898395,55
8,14.170162200927734,0.10129030793905258,4.376452445983887,1.0,0.8620711221971196,20
5,16.424367904663086,0.17253655195236206,6.727904319763184,1.0,0.6133428243692853,24
2,13.39006233215332,0.10479900985956192,3.6708614826202393,1.0,0.4902579647210426,33
2,13.649980545043945,0.2708694040775299,4.14085054397583,1.0,0.497576971094724,40
9,14.397266387939453,0.0866231694817543,4.608889579772949,1.0,0.773975409161247,24
7,14.201083183288574,0.23640500009059906,4.542488098144531,1.0,0.9176459677700084,20
4,15.045574188232422,0.27466243505477905,5.3882365226745605,1.0,0.9320980245138101,12
4,12.842313766479492,0.35751795768737793,3.537832021713257,1.0,0.3665666195131621,66
6,13.312610626220703,0.3867371380329132,3.7863481044769287,1.0,1.0,17
2,13.752392768859863,0.07088376581668854,4.185276985168457,1.0,0.3316485488119552,66
7,12.686927795410156,0.19862599670886993,3.1365530490875244,1.0,0.5733848752481098,48
2,14.48021125793457,0.3336334526538849,4.895844459533691,1.0,0.9675124403352297,16
1,19.99303436279297,0.0978688895702362,10.290904998779297,1.0,0.81665650621826,36
2,15.675430297851562,0.34076249599456787,6.103192329406738,1.0,0.943455330750162,17
0,15.691082000732422,0.06285454332828522,5.879937648773193,1.0,0.6701456608353532,23
3,19.35964012145996,0.3419850468635559,9.939626693725586,1.0,0.6381387756295348,43
6,13.036110877990723,0.39742833375930786,3.552539110183716,1.0,0.9121453756257256,24
3,14.123687744140625,0.40539830923080444,4.697086334228516,1.0,0.4164333834264379,32
1,20.1570987701416,0.17747589945793152,10.634577751159668,1.0,0.9311493240900994,59
4,15.020903587341309,0.13366474211215973,5.24456787109375,1.0,0.9687759008907029,17
0,13.488153457641602,0.3286663591861725,3.8648195266723633,1.0,0.9337832423202701,8
8,16.02020835876465,0.38718315958976746,6.474391937255859,1.0,0.9265474605521842,13
6,13.99407958984375,0.27259573340415955,4.450677871704102,1.0,0.9307393910543056,34
7,16.44124412536621,0.10987390577793121,6.667119026184082,1.0,0.8519058264467606,21
5,12.176259994506836,0.19789855182170868,2.4271583557128906,1.0,0.9010155973197342,9
1,13.554948806762695,0.29750558733940125,3.9244544506073,1.0,0.8006105715597813,14
5,15.522958755493164,0.15428468585014343,5.930243492126465,1.0,0.459547256986753,46
5,14.928571701049805,0.18768095970153809,5.571255683898926,1.0,0.44630996789456573,84
3,13.984624862670898,0.10485918074846268,4.13948392868042,1.0,0.89886462276667,9
3,13.101873397827148,0.25639113783836365,3.4892654418945312,1.0,0.7249088367945878,24
5,16.87832260131836,0.05326148122549057,7.088583469390869,1.0,0.7473662925075799,31
4,16.404441833496094,0.3846004605293274,6.906044006347656,1.0,0.9407415028767169,23
5,16.925174713134766,0.28772392868995667,7.4178996086120605,1.0,0.8448419275683096,37
8,15.285102844238281,0.20702913403511047,5.751135349273682,1.0,0.4939867797487954,49
4,20.28311538696289,0.37650683522224426,10.913626670837402,1.0,0.9209976228412644,51
5,14.154497146606445,0.1942148506641388,4.608712196350098,1.0,0.32344002027425434,45
9,17.591623306274414,0.2056969404220581,7.8843207359313965,1.0,0.8551089869855787,17
8,4.0706915855407715,2.1917879581451416,7.057487964630127,0.0,0.0,149
7,13.27911376953125,0.39228758215904236,3.7764010429382324,1.0,0.6018457598717957,20
7,12.314377784729004,0.23330065608024597,2.626678228378296,1.0,0.6839040086971889,13
7,13.935218811035156,0.09995958209037781,4.203178405761719,1.0,0.94077770882838,32
9,15.508747100830078,0.22239264845848083,5.83213996887207,1.0,0.7444425307434056,18
6,-0.5086924433708191,7.238582611083984,7.488889694213867,0.0,0.0,149
7,16.8800048828125,0.2527710497379303,7.256776332855225,1.0,0.870418569737227,25
1,15.585037231445312,0.32787376642227173,5.968911647796631,1.0,0.9099814247121094,12
6,13.088324546813965,0.1665242314338684,3.353848695755005,1.0,0.47733561691303855,17
1,17.6987247467041,0.24704833328723907,8.041773796081543,1.0,0.8887369409928005,17
4,15.762129783630371,0.14649052917957306,5.972620487213135,1.0,0.8980865182496993,13
1,18.17475128173828,0.15131215751171112,8.50106430053711,1.0,0.6945012681445876,31
9,14.124260902404785,0.28225818276405334,4.503519058227539,1.0,0.8066724801511481,19
0,13.31406307220459,0.3785739243030548,4.45263671875,1.0,0.22405983309820593,142
6,18.659381866455078,0.3166566789150238,9.063037872314453,1.0,0.9383515245258783,17
0,12.057535171508789,0.3047403395175934,2.445274829864502,1.0,0.6331096777176966,15
0,18.248451232910156,0.05095560476183891,8.486409187316895,1.0,0.6099951193173936,37
5,20.4385986328125,0.2861328125,11.315732955932617,1.0,0.7027023144471186,113
6,0.31686240434646606,6.690529823303223,7.823391914367676,0.0,0.0,149
8,15.68877124786377,0.3000776171684265,6.057848930358887,1.0,0.9448454062437243,14
1,14.294807434082031,0.2136240154504776,4.5644307136535645,1.0,0.8798054939974685,9
0,17.121440887451172,0.3828614354133606,7.751304626464844,1.0,0.6592614915181976,46
7,18.159000396728516,0.29076361656188965,8.646766662597656,1.0,0.8950891037753468,36
9,15.14938735961914,0.1122463047504425,5.788633823394775,1.0,0.29511030598014154,96
0,12.167008399963379,0.39093106985092163,2.6479392051696777,1.0,0.9764623161289651,17
0,-1.7186203002929688,4.167515754699707,3.192894697189331,0.0,0.0,149
9,22.356689453125,0.2707929015159607,12.776483535766602,1.0,0.9058700436747297,30
8,-0.7843270301818848,11.1640625,11.273736000061035,0.0,0.0,149
5,12.236940383911133,0.27387434244155884,2.6708147525787354,1.0,0.8167674444918418,31
8,19.38473129272461,0.4076727330684662,10.013407707214355,1.0,0.6633708914592173,42
4,13.30465030670166,0.058766353875398636,3.5374162197113037,1.0,0.3257630586977421,32
8,13.734363555908203,0.361989825963974,4.14335298538208,1.0,0.92940184651858,9
6,15.424333572387695,0.2954288721084595,5.934764385223389,1.0,0.8792796896682692,42
8,13.921416282653809,0.12019026279449463,4.3916120529174805,1.0,0.9096278191748658,66
4,14.830615997314453,0.4034932255744934,5.501111030578613,1.0,0.5606845094386936,50
1,16.111265182495117,0.40619125962257385,6.922461986541748,1.0,0.6283143469830076,77
9,15.813165664672852,0.13537195324897766,6.034538269042969,1.0,0.8449019568587463,15
7,19.260162353515625,0.09948772937059402,9.630656242370605,1.0,0.8313970802286842,52
0,11.408616065979004,0.35300248861312866,12.601627349853516,0.0,0.0,149
1,0.5344463586807251,4.05925178527832,5.448698997497559,0.0,0.0,149
2,14.141636848449707,0.1857256144285202,4.532365798950195,1.0,0.9118294898730831,40
1,2.5089941024780273,4.116016387939453,7.414017677307129,0.0,0.0,149
5,17.642431259155273,0.08548321574926376,7.830915451049805,1.0,0.8870467166292293,19
9,-0.03619302436709404,3.508901357650757,4.303708076477051,0.0,0.0,149
6,11.530027389526367,0.21868370473384857,1.810711145401001,1.0,0.6604963655834768,9
0,22.420307159423828,0.26358771324157715,13.132896423339844,1.0,0.4678535988787484,84
2,14.555277824401855,0.16223739087581635,4.978517055511475,1.0,0.9552401101674541,50
8,12.066357612609863,0.055456265807151794,2.2438135147094727,1.0,0.5053706416722197,21
3,12.253083229064941,0.35343098640441895,2.6645140647888184,1.0,0.5978981255391375,10
9,13.09640121459961,0.1882900595664978,3.3216910362243652,1.0,0.9540207074467244,7
9,14.383332252502441,0.26708316802978516,4.705415725708008,1.0,0.9234640175957453,10
3,16.035245895385742,0.2293384075164795,6.677584648132324,1.0,0.4255376516634183,75
3,14.355146408081055,0.3706461489200592,4.938791751861572,1.0,0.3781875996723907,38
1,13.142248153686523,0.3814147710800171,3.606663227081299,1.0,0.8699605192079,15
1,17.657846450805664,0.050095077604055405,8.430952072143555,1.0,0.48346586106115325,137
0,13.74721622467041,0.15149787068367004,3.941714286804199,1.0,0.9321902913111576,7
9,1.6300585269927979,2.4216976165771484,4.813760757446289,0.0,0.0,149
5,18.70215606689453,0.42111560702323914,9.54127311706543,1.0,0.44717709418302887,73
2,15.313220024108887,0.3444642424583435,5.854685306549072,1.0,0.4169120708100254,36
7,14.283967971801758,0.05210411548614502,4.424071788787842,1.0,0.666723125483445,16
1,-0.0851738378405571,2.526981830596924,3.194807529449463,0.0,0.0,149
9,15.308920860290527,0.11183923482894897,5.708761692047119,1.0,0.9268106063407184,56
0,15.457169532775879,0.3641338050365448,5.893303394317627,1.0,0.9627336467514855,14
0,9.886425971984863,1.2022120952606201,11.868648529052734,0.0,0.0,149
2,19.537273406982422,0.2218106985092163,9.969085693359375,1.0,0.7922151633295625,38
8,14.301801681518555,0.11426357179880142,4.5250654220581055,1.0,0.5349754675364465,19
9,-1.7400339841842651,12.216022491455078,11.26498794555664,0.0,0.0,149
3,14.837409019470215,0.15967373549938202,5.111082553863525,1.0,0.9068765860639503,23
4,15.500000953674316,0.41624176502227783,6.0202436447143555,1.0,0.949306255116677,21
4,13.281044006347656,0.2759963274002075,3.6050405502319336,1.0,0.8977986511142656,8
8,14.429582595825195,0.215241476893425,5.18782377243042,1.0,0.2619308847443967,101
6,12.735498428344727,0.3463645279407501,3.2348647117614746,1.0,0.5833545986611928,29
2,14.732369422912598,0.3270898759365082,5.1884589195251465,1.0,0.5219512034103707,23
5,21.489885330200195,0.4010947644710541,12.079981803894043,1.0,0.9567249292426168,38
2,22.606109619140625,0.15236163139343262,13.33847427368164,1.0,0.377469399841424,112
0,14.694618225097656,0.366086483001709,5.1887054443359375,1.0,0.6082972696765414,24
8,15.077655792236328,0.3394823968410492,5.610141754150391,1.0,0.9074067413069072,37
3,12.840312957763672,0.24849382042884827,3.2048070430755615,1.0,0.9533498779675935,24
8,14.741798400878906,0.2150600701570511,5.3568620681762695,1.0,0.56561329070429,76
1,-0.7988235950469971,10.605423927307129,10.643603324890137,0.0,0.0,149
6,15.327217102050781,0.16352185606956482,5.833738803863525,1.0,0.8110799536417518,67
9,13.03575611114502,0.254820853471756,3.3355767726898193,1.0,0.8844846453777417,8
5,13.332422256469727,0.1496766209602356,3.5180981159210205,1.0,0.8057683200787815,8
4,15.917463302612305,0.2198026478290558,6.310266494750977,1.0,0.6299411536007763,33
4,0.5290203094482422,6.400546550750732,7.7125678062438965,0.0,0.0,149
6,13.192840576171875,0.21390843391418457,3.4667489528656006,1.0,0.8008320544609454,11
2,3.689713478088379,3.3535687923431396,7.859286308288574,0.0,0.0,149
5,16.204174041748047,0.2869584560394287,6.641132831573486,1.0,0.7858985436851464,29
8,23.636669158935547,0.2503242492675781,14.052995681762695,1.0,0.8957883747097238,34
5,13.094603538513184,0.3370814919471741,3.476685047149658,1.0,0.9908652209351543,8
5,16.300189971923828,0.26496604084968567,6.672154903411865,1.0,0.864119326422987,21
4,12.6212158203125,0.3740370273590088,3.0222525596618652,1.0,1.0,5
2,13.624241828918457,0.16696973145008087,3.8302109241485596,1.0,0.9514616429865622,8
2,14.273174285888672,0.33850350975990295,4.935678482055664,1.0,0.9570834117634547,65
5,16.84256362915039,0.36669081449508667,7.595259189605713,1.0,0.4115483777117645,75
8,16.73369026184082,0.13199545443058014,7.071686267852783,1.0,0.6306785471220083,36
6,18.698556900024414,0.14470961689949036,8.982267379760742,1.0,0.9158419730189343,28
0,17.76573944091797,0.09459991753101349,8.004341125488281,1.0,0.8585864414274791,26
7,14.007009506225586,0.15539805591106415,4.227407932281494,1.0,0.6803377090764161,12
2,14.8013277053833,0.15909263491630554,5.2394208908081055,1.0,0.6203034417053541,56
1,0.18213748931884766,5.853893280029297,6.882031440734863,0.0,0.0,149
8,25.643753051757812,0.31557539105415344,16.2673282623291,1.0,0.6335996088348805,60
5,0.3835771083831787,4.263494968414307,5.439083099365234,0.0,0.0,149
2,12.627330780029297,0.1664603352546692,2.9107913970947266,1.0,0.48929147054748884,23
4,15.485084533691406,0.18564337491989136,5.932730674743652,1.0,0.8594296224461166,52
1,15.07321548461914,0.3714953660964966,5.503710746765137,1.0,0.9299067729550172,12
9,11.996450424194336,0.3969475328922272,2.468398094177246,1.0,0.850298739801127,11
7,12.78119945526123,0.16408602893352509,2.984285354614258,1.0,0.8783051993560979,8
6,16.762144088745117,0.059417031705379486,7.021561145782471,1.0,0.6602576600183072,39
8,14.288553237915039,0.1558368057012558,4.538389205932617,1.0,0.8937196509422601,19
3,13.401487350463867,0.05619245395064354,3.4976792335510254,1.0,0.8213696310449461,7
4,19.628366470336914,0.40813273191452026,10.16550064086914,1.0,0.944149204060013,26
1,-3.261767864227295,12.91568660736084,10.490928649902344,0.0,0.0,149
1,17.707674026489258,0.08016480505466461,7.978840351104736,1.0,0.5108297699201496,36
6,15.934623718261719,0.06473883241415024,6.132363319396973,1.0,0.8784265537517876,25
2,16.700693130493164,0.13305775821208954,7.032752513885498,1.0,0.8111697356916447,37
7,11.634056091308594,0.2176065742969513,1.878662347793579,1.0,0.8731580971862644,5
0,15.347686767578125,0.2692930996417999,5.7459797859191895,1.0,0.9987420454876099,26
3,20.848777770996094,0.09199469536542892,11.052774429321289,1.0,0.9609266536892145,22
1,15.197324752807617,0.057582512497901917,5.502909183502197,1.0,0.39002317107002504,48
3,12.047167778015137,0.24615378677845,2.3253214359283447,1.0,0.748695288433856,6
5,15.81632137298584,0.21869677305221558,6.244019508361816,1.0,0.8877304515564467,42
3,21.27355194091797,0.2891833484172821,11.69073486328125,1.0,0.9870729580705301,27
5,16.09782600402832,0.1429903507232666,6.337817192077637,1.0,0.9038817608525612,19
9,12.705348014831543,0.2822898030281067,3.046637773513794,1.0,0.8543501844582299,9
1,15.678550720214844,0.06467603892087936,5.846227645874023,1.0,0.9247536288901654,19
3,17.558761596679688,0.2965047359466553,8.040267944335938,1.0,0.6971787697800157,36
8,15.386579513549805,0.27696430683135986,6.051545143127441,1.0,0.7044812421869094,76
6,15.060969352722168,0.37532296776771545,5.529293060302734,1.0,0.89497009325456,17
4,16.610952377319336,0.19871115684509277,7.20166540145874,1.0,0.3507628191756445,75
3,16.075403213500977,0.20479793846607208,6.350201606750488,1.0,0.9259642287471226,16
4,12.891668319702148,0.10204251855611801,3.0837104320526123,1.0,0.81740166367087,17
4,16.14043617248535,0.2911653518676758,6.5526018142700195,1.0,0.8905651024056174,22
6,19.94469451904297,0.35888123512268066,11.031585693359375,1.0,0.5219162429375128,138
9,15.891453742980957,0.38002175092697144,6.350475788116455,1.0,0.9371366726196397,16
6,13.155570983886719,0.14225836098194122,3.334829330444336,1.0,0.9271899201012842,7
7,18.256084442138672,0.1876978874206543,8.609781265258789,1.0,0.6504043727947649,31
0,17.481470108032227,0.11198841780424118,7.732460021972656,1.0,0.887896484295349,28
7,12.103714942932129,0.34866297245025635,2.7243778705596924,1.0,0.3620965240119624,51
0,12.84807014465332,0.10763274878263474,3.085702419281006,1.0,0.6713459983690653,25
9,16.644737243652344,0.20110101997852325,7.3188395500183105,1.0,0.42885973514130354,90
3,13.22192096710205,0.23519401252269745,3.5241153240203857,1.0,0.9752836169355605,13
2,13.30205249786377,0.27958935499191284,3.6216418743133545,1.0,0.970985936827912,7
3,12.627144813537598,0.2622130215167999,3.5603585243225098,1.0,0.304706177138332,132
6,18.570417404174805,0.3127090036869049,8.975127220153809,1.0,0.9036141367425022,18
1,15.769657135009766,0.33961620926856995,6.438279628753662,1.0,0.9216510601222937,66
7,15.858230590820312,0.15510259568691254,6.306333541870117,1.0,0.34014525716437216,51
2,18.371986389160156,0.33970963954925537,8.826696395874023,1.0,0.8228543476924399,22
8,13.625473022460938,0.043537385761737823,3.721010684967041,1.0,0.8311921939123049,10
5,14.943642616271973,0.29868268966674805,5.352325439453125,1.0,0.9511139009817074,21
0,13.963594436645508,0.1883394718170166,4.210934162139893,1.0,0.858168744581195,12
4,15.09937572479248,0.2652397155761719,5.427615165710449,1.0,0.9572426951462863,14
7,16.641727447509766,0.3984673321247101,7.309195041656494,1.0,0.4203197658380679,48
1,13.8032808303833,0.08513671159744263,3.9674172401428223,1.0,0.838674245815226,16
6,12.55490779876709,0.15548957884311676,2.8443970680236816,1.0,0.6443124441981596,24
9,14.231915473937988,0.08253612369298935,4.391451835632324,1.0,0.8396342003207908,15
5,1.9643230438232422,6.958317279815674,9.705648422241211,0.0,0.0,149
3,11.526190757751465,0.3448299169540405,2.597020387649536,1.0,0.09256893132844594,134
6,19.374792098999023,0.20345687866210938,9.713249206542969,1.0,0.8840347669980598,26
8,13.579093933105469,0.1299617439508438,3.764055013656616,1.0,0.8031055524827249,10
7,17.097877502441406,0.16048702597618103,7.507366180419922,1.0,0.817927556547532,47
9,12.983686447143555,0.42408835887908936,4.193775177001953,1.0,0.09885635021612348,134
5,13.66781997680664,0.38752514123916626,4.139345169067383,1.0,0.8631430393730009,17
7,11.392414093017578,0.28339865803718567,1.7448123693466187,1.0,0.9525514690723658,14
8,17.887554168701172,0.3435538411140442,8.33810806274414,1.0,0.8705410153896066,21
9,11.439955711364746,0.34113097190856934,1.8030861616134644,1.0,0.9355749698682901,4
8,14.77186107635498,0.26258745789527893,5.135449409484863,1.0,0.9453874064127734,21
7,12.23687744140625,0.2905908226966858,2.625467538833618,1.0,0.9532096557367163,18
7,15.529935836791992,0.23830704391002655,6.064245700836182,1.0,0.9490026247938973,57
7,15.913383483886719,0.3951892554759979,6.573577404022217,1.0,0.8516105023394963,52
9,15.89019775390625,0.28372907638549805,6.44992733001709,1.0,0.43753618888367557,50
1,21.8445987701416,0.23284973204135895,12.196450233459473,1.0,0.93210183895902,24
7,16.59342384338379,0.043492648750543594,7.217918395996094,1.0,0.5043276727214898,111
1,14.126388549804688,0.07998517155647278,4.314374923706055,1.0,0.7930554824732948,20
6,16.497339248657227,0.17055507004261017,6.784893989562988,1.0,0.8614527630648254,20
5,13.135795593261719,0.09751107543706894,3.3123061656951904,1.0,0.613254029942133,13
8,15.072689056396484,0.25844135880470276,5.534130573272705,1.0,0.5804823467277627,39
9,16.359745025634766,0.35522720217704773,6.787972450256348,1.0,0.9766105675738835,13
6,13.917006492614746,0.05422024428844452,4.079226493835449,1.0,0.8073947036063575,20
4,12.284734725952148,0.3115205764770508,2.631255626678467,1.0,0.8782926079229733,6
8,12.748785018920898,0.3979964256286621,3.291780948638916,1.0,0.9622156914822628,28
2,13.046621322631836,0.18957743048667908,3.3191986083984375,1.0,0.8727887963579979,15
2,0.9925895929336548,9.522054672241211,11.378643989562988,0.0,0.0,149
9,13.815942764282227,0.3936009407043457,4.299543857574463,1.0,0.8219859668398295,17
4,16.847322463989258,0.33461278676986694,7.378937721252441,1.0,0.7094879460136424,39
3,13.777819633483887,0.4248708486557007,4.315690517425537,1.0,0.6144531469110733,18
0,13.17387580871582,0.33092576265335083,3.6388015747070312,1.0,0.5802164464471524,24
0,16.547821044921875,0.14561843872070312,6.981442451477051,1.0,0.4291838156370645,53
0,15.470100402832031,0.09504532814025879,5.789146423339844,1.0,0.661911929522868,45
2,13.55175495147705,0.29745954275131226,4.216214179992676,1.0,0.6198525437775899,73
1,16.65947723388672,0.40742936730384827,7.391906261444092,1.0,1.0,64
6,14.070196151733398,0.044121116399765015,4.174316883087158,1.0,0.7771295202273768,11
2,14.393444061279297,0.4232719838619232,4.904715538024902,1.0,0.6871570116665209,16
5,14.547975540161133,0.38943803310394287,5.001413345336914,1.0,0.9292482411821006,13
0,-5.204623222351074,15.593111991882324,11.225492477416992,0.0,0.0,149
8,12.039457321166992,0.4141334295272827,2.7495903968811035,1.0,0.9015277984268569,57
2,18.521987915039062,0.3172730505466461,9.315262794494629,1.0,0.6195719110751658,90
4,14.29375171661377,0.20336052775382996,4.573112487792969,1.0,0.8702801301124108,13
3,25.151996612548828,0.18292668461799622,15.70992660522461,1.0,0.8801584621182209,74
6,12.677448272705078,0.1711997240781784,2.899648427963257,1.0,0.83591206621826,8
1,15.072365760803223,0.09717806428670883,5.230544090270996,1.0,0.9489880765066953,13
3,17.326833724975586,0.22602906823158264,7.729863166809082,1.0,0.892499046242073,35
8,14.416427612304688,0.20887558162212372,4.680303573608398,1.0,0.9013909528615047,10
3,16.364418029785156,0.13572397828102112,6.977148532867432,1.0,0.8737627420631443,95
1,14.480703353881836,0.20316943526268005,4.761873245239258,1.0,0.8884467431087404,14
6,18.267189025878906,0.24010130763053894,8.746289253234863,1.0,0.5089403542406424,42
1,12.99173641204834,0.17176826298236847,3.2815041542053223,1.0,0.8350555900172137,22
5,12.210112571716309,0.3948839008808136,2.6389966011047363,1.0,0.7599329899827738,7
7,16.9221134185791,0.4070020616054535,7.585115909576416,1.0,0.4418822070993137,46
2,14.248153686523438,0.05504592880606651,4.376199722290039,1.0,0.9438977083391106,13
6,12.414393424987793,0.060813456773757935,2.6002068519592285,1.0,0.7649790007813927,24
8,14.683387756347656,0.329515665769577,5.1129045486450195,1.0,0.9190537247246925,16
0,18.900535583496094,0.018193300813436508,9.510729789733887,1.0,0.6329603908318456,115
7,14.37015151977539,0.06056757643818855,4.488719463348389,1.0,0.8747722834584425,10
7,14.699199676513672,0.39763280749320984,5.342832565307617,1.0,0.7837671299763075,47
2,21.131221771240234,0.2482045590877533,11.524426460266113,1.0,0.8819525487415149,28
0,15.125849723815918,0.11772660166025162,5.300576210021973,1.0,0.8887147214576538,11
4,18.976211547851562,0.21526773273944855,9.527482032775879,1.0,0.7233592498831333,65
0,17.286317825317383,0.3077951967716217,7.889115810394287,1.0,0.9327319114485292,58
3,14.447038650512695,0.025147316977381706,4.553186416625977,1.0,0.8881600662497826,14
8,19.23399543762207,0.23534360527992249,9.576337814331055,1.0,0.8935719276893241,21
6,2.033812999725342,2.4941580295562744,5.358975887298584,0.0,0.0,149
8,14.01623249053955,0.10812859237194061,4.322360992431641,1.0,0.881824753531537,38
1,15.277250289916992,0.2378266304731369,6.091081142425537,1.0,0.3614277013073207,104
9,14.375469207763672,0.24030901491641998,4.69877815246582,1.0,0.9762423963196529,15
7,15.603374481201172,0.12887749075889587,5.877251148223877,1.0,0.7295729325152075,25
3,15.436636924743652,0.39005035161972046,5.996687412261963,1.0,0.7230644076365424,33
9,27.934776306152344,0.2541455626487732,18.64692497253418,1.0,0.7127886443147511,90
2,12.144424438476562,0.4021429419517517,2.7205677032470703,1.0,0.6134930507997434,29
9,14.587498664855957,0.23229262232780457,4.874791145324707,1.0,0.9055423070555088,10
0,-1.2684354782104492,5.718914985656738,5.209478855133057,0.0,0.0,149
5,14.630529403686523,0.110657699406147,4.813187599182129,1.0,0.9220006855756879,14
8,-2.6151528358459473,16.875389099121094,15.088244438171387,0.0,0.0,149
0,15.894851684570312,0.18495506048202515,6.146806716918945,1.0,0.9292414074989586,13
0,15.515121459960938,0.09483149647712708,5.730952739715576,1.0,0.8009043834070299,22
8,13.00898551940918,0.23687781393527985,3.303863525390625,1.0,0.8313169102635355,10
9,12.798849105834961,0.1950594186782837,3.0329084396362305,1.0,0.8960147713179782,8
0,15.03319263458252,0.04417318105697632,5.139365196228027,1.0,0.8705779575936906,12
6,15.559638023376465,0.3897872567176819,6.110426425933838,1.0,0.8810129395859803,30
9,15.661008834838867,0.39870136976242065,6.15770959854126,1.0,0.8641662994008985,18
7,14.148046493530273,0.3248875141143799,4.551933288574219,1.0,0.8609832661927669,16
8,16.355804443359375,0.07099839299917221,6.5308027267456055,1.0,0.9526926815544715,21
7,-0.16151554882526398,3.2230539321899414,3.817538022994995,0.0,0.0,149
9,16.168058395385742,0.30565664172172546,6.600714683532715,1.0,0.9549010862744051,22
5,15.328889846801758,0.27283671498298645,5.839727401733398,1.0,0.47424082505957155,43
8,13.966948509216309,0.12334275245666504,4.145291328430176,1.0,0.8724243626483994,10
3,-3.4457101821899414,15.455953598022461,12.85324478149414,0.0,0.0,149
4,17.59647560119629,0.08919582515954971,7.804670810699463,1.0,0.8222259497313422,21
1,15.870514869689941,0.10278625786304474,6.0443010330200195,1.0,0.9260907711484866,12
4,13.681612968444824,0.37320998311042786,4.290822505950928,1.0,0.42070615871646083,42
3,12.920671463012695,0.3865284025669098,3.518199920654297,1.0,0.3573512580314938,40
4,14.467100143432617,0.06967451423406601,4.595774173736572,1.0,0.9499076435683846,12
1,14.090888977050781,0.3139861524105072,4.4578752517700195,1.0,0.9342844010930532,9
4,16.92278289794922,0.35323870182037354,7.933028697967529,1.0,0.5651690931392832,128
4,14.087291717529297,0.2503761947154999,4.570671558380127,1.0,0.8966975240516268,45
3,15.74862289428711,0.2409249246120453,6.076546669006348,1.0,0.8993634549475903,17
4,17.988319396972656,0.34571975469589233,8.508040428161621,1.0,0.9226058642633945,35
1,19.06814956665039,0.12792184948921204,9.73507308959961,1.0,0.4988590774290445,102
0,15.312332153320312,0.0788765624165535,5.466208457946777,1.0,0.8227880331776047,14
6,14.475074768066406,0.34144359827041626,4.878518104553223,1.0,0.9730362009433635,12
0,17.669801712036133,0.41112980246543884,8.187931060791016,1.0,0.8745747121633344,21
7,16.332298278808594,0.11822837591171265,6.5505266189575195,1.0,0.8332886010909698,19
6,15.827462196350098,0.09694930911064148,5.9914116859436035,1.0,0.8666381610127845,13
8,15.23388671875,0.14369016885757446,5.581577777862549,1.0,0.6080904177718393,38
0,14.329797744750977,0.014584654942154884,4.574383735656738,1.0,0.3952405615464679,45
3,16.325923919677734,0.3658756911754608,7.009803771972656,1.0,0.7764397784707542,62
5,15.939652442932129,0.26337265968322754,6.593031883239746,1.0,0.8735290580753617,77
5,1.3252652883529663,9.912538528442383,12.008808135986328,0.0,0.0,149
5,18.034908294677734,0.3786765933036804,9.11959457397461,1.0,0.7055120505418695,139
1,15.009708404541016,0.3623128831386566,5.491021156311035,1.0,0.9469997004777322,24
7,16.21009063720703,0.07727853208780289,6.366368293762207,1.0,0.827331229246704,16
0,15.255556106567383,0.41697585582733154,5.731532096862793,1.0,1.0,12
5,19.584348678588867,0.403484970331192,10.223835945129395,1.0,0.9246227289772593,45
8,19.138912200927734,0.40756452083587646,9.747477531433105,1.0,0.8338511321264841,35
7,27.88410186767578,0.3613508343696594,18.928457260131836,1.0,0.6906164235259772,132
8,18.024200439453125,0.3538760840892792,8.510076522827148,1.0,0.943463064198119,26
9,0.954521656036377,7.548526287078857,9.253047943115234,0.0,0.0,149
3,15.553993225097656,0.2078307867050171,5.884823799133301,1.0,0.6378871573730719,23
0,13.730111122131348,0.2749156951904297,4.092027187347412,1.0,0.953896076540196,17
6,15.539034843444824,0.21630285680294037,6.004339694976807,1.0,0.6574993704962067,47
3,2.0843071937561035,2.5028977394104004,5.355206489562988,0.0,0.0,149
2,20.159454345703125,0.06084340065717697,10.350299835205078,1.0,0.9168377689109131,25
5,19.314125061035156,0.41193723678588867,9.868062019348145,1.0,0.8763422053829291,28
1,14.050085067749023,0.2520575523376465,4.578146457672119,1.0,0.9258842478037582,53
1,18.885591506958008,0.2928822934627533,9.275474548339844,1.0,0.9297222742745305,19
3,18.906471252441406,0.1101715937256813,9.128643035888672,1.0,0.9321509513089992,22
5,14.03565788269043,0.13658563792705536,4.285243034362793,1.0,0.8034417980964343,21
4,17.468292236328125,0.42267000675201416,8.229965209960938,1.0,0.5879308985525947,62
2,15.742441177368164,0.1928330808877945,6.096274375915527,1.0,0.4562917188383923,27
9,15.472330093383789,0.4212711453437805,6.078600883483887,1.0,0.5139244190997247,33
5,12.689536094665527,0.27169474959373474,3.0382308959960938,1.0,0.6521327190782853,12
9,-1.1142501831054688,14.244367599487305,13.967118263244629,0.0,0.0,149
1,13.905282020568848,0.3599261939525604,4.407210350036621,1.0,1.0,28
4,20.660568237304688,0.3806069791316986,11.314176559448242,1.0,0.9274202035849833,56
5,15.85648250579834,0.36930620670318604,6.4007887840271,1.0,0.9535752286042726,34
0,15.861369132995605,0.13161130249500275,6.232980251312256,1.0,0.5996040012241297,44
1,23.357234954833984,0.04784893989562988,13.746086120605469,1.0,0.7488606908526624,63
8,13.58315658569336,0.1722528040409088,3.817409038543701,1.0,0.8891146191058374,12
7,21.903718948364258,0.21175271272659302,12.697471618652344,1.0,0.7177605043583858,116
6,13.085886001586914,0.19876770675182343,3.344653606414795,1.0,0.7545926673716473,11
3,-0.43184733390808105,8.975706100463867,9.302858352661133,0.0,0.0,149
0,14.412457466125488,0.31158173084259033,4.82703971862793,1.0,0.7849003785620844,16
7,15.773406982421875,0.21713176369667053,6.275539398193359,1.0,0.564454409312694,56
4,-2.0445141792297363,10.79853630065918,9.54602336883545,0.0,0.0,149
1,15.553295135498047,0.3831751048564911,5.9964704513549805,1.0,0.9341649441261557,11
1,16.723478317260742,0.11747036874294281,6.999948501586914,1.0,0.7144209860917682,29
6,20.702085494995117,0.06917691975831985,10.88526439666748,1.0,0.8950378486647018,23
2,5.969956874847412,2.6799964904785156,9.438955307006836,0.0,0.0,149
8,16.155895233154297,0.0744292289018631,6.428325176239014,1.0,0.5452818434129586,35
3,12.70673656463623,0.1558288037776947,3.0235652923583984,1.0,0.8810342858397334,30
9,8.459660530090332,1.301206111907959,10.513879776000977,0.0,0.0,149
9,15.942159652709961,0.29997938871383667,6.304139614105225,1.0,0.878735446082653,12
4,13.63554573059082,0.3490377366542816,4.192584037780762,1.0,0.4448281989666976,37
6,12.928013801574707,0.22898393869400024,3.2389988899230957,1.0,0.8930920081813625,16
3,16.674484252929688,0.31135281920433044,7.0488362312316895,1.0,0.936224222648688,14
7,17.034961700439453,0.25867095589637756,7.412631988525391,1.0,0.8728624452553339,21
9,16.700796127319336,0.2914365530014038,7.073232173919678,1.0,0.9471683150589801,17
5,-1.0865082740783691,5.792427062988281,5.46491813659668,0.0,0.0,149
7,13.61043930053711,0.38854914903640747,4.224987983703613,1.0,0.28368820116132887,40
3,17.567691802978516,0.32460343837738037,8.213300704956055,1.0,0.9185008969812394,65
9,1.2835429906845093,2.6899375915527344,4.72648286819458,0.0,0.0,149
5,18.73259735107422,0.3171696066856384,9.821779251098633,1.0,0.6700538008580786,148
4,0.6293511390686035,8.64484691619873,10.054207801818848,0.0,0.0,149
5,17.821229934692383,0.28894710540771484,8.304178237915039,1.0,0.9291772528477218,39
0,18.19983673095703,0.12840145826339722,8.469240188598633,1.0,0.890390160651732,26
0,13.970242500305176,0.32604119181632996,4.361283302307129,1.0,0.8434133168965184,12
1,21.294170379638672,0.20254771411418915,11.813720703125,1.0,0.8237590554143235,60
6,13.080609321594238,0.011208996176719666,3.449817657470703,1.0,0.3903537062696732,67
2,15.597040176391602,0.4014899730682373,6.1045308113098145,1.0,0.875524332840229,19
1,12.992073059082031,0.22842665016651154,3.2604994773864746,1.0,0.7954862675048782,7
5,16.372100830078125,0.22425435483455658,6.928355693817139,1.0,0.389467631274772,66
2,19.76333999633789,0.2910654544830322,10.155405044555664,1.0,0.8995794976976722,21
8,14.248029708862305,0.05939965695142746,4.422429084777832,1.0,0.7125381755218095,22
7,15.97530460357666,0.38761138916015625,6.440916061401367,1.0,0.9175721212637996,14
1,12.94174861907959,0.38076308369636536,3.37451171875,1.0,0.9853880638365021,10
8,2.2758164405822754,15.512099266052246,18.54692840576172,0.0,0.0,149
6,2.3283581733703613,1.4463169574737549,4.53368616104126,0.0,0.0,149
5,13.447373390197754,0.03250855952501297,3.612884044647217,1.0,0.7864074013881952,25
9,18.827587127685547,0.1740146279335022,9.21860408782959,1.0,0.7069846853695579,40
1,14.523277282714844,0.06072875112295151,4.66300630569458,1.0,0.9392179290325356,16
4,17.61138343811035,0.2779490351676941,7.986332416534424,1.0,0.8114439678230855,19
9,14.339898109436035,0.2140149474143982,4.6579132080078125,1.0,0.8831629620153255,18
2,14.451115608215332,0.41496050357818604,4.929076194763184,1.0,0.9172040442472149,11
5,15.368735313415527,0.27230125665664673,5.734036445617676,1.0,0.9170159538344314,17
2,4.596409797668457,5.851212024688721,11.230629920959473,0.0,0.0,149
8,19.96934700012207,0.125143900513649,10.575496673583984,1.0,0.6194052133969776,91
2,-1.9659327268600464,12.157929420471191,10.992996215820312,0.0,0.0,149
6,19.595767974853516,0.34396234154701233,10.145730972290039,1.0,0.5914654958259319,39
3,15.454912185668945,0.33861568570137024,5.869527816772461,1.0,0.9059350090859754,13
4,13.07735824584961,0.11442912369966507,3.4997878074645996,1.0,0.47544931987923095,60
7,17.79351806640625,0.42160749435424805,8.72113037109375,1.0,0.4708470337708329,90
6,13.199759483337402,0.2803240120410919,3.53208327293396,1.0,0.8589423345948548,10
6,19.691240310668945,0.2587423622608185,10.417984962463379,1.0,0.6631713180359274,89
1,-2.7228031158447266,6.408621311187744,4.453831672668457,0.0,0.0,149
9,15.638154983520508,0.24026955664157867,6.000426292419434,1.0,0.9277870781354709,24
5,20.961750030517578,0.15017351508140564,11.248924255371094,1.0,0.8926007544824205,27
8,14.403970718383789,0.4189249277114868,5.2468953132629395,1.0,0.7455198272301424,82
6,-0.8451135754585266,6.312148094177246,6.229033946990967,0.0,0.0,149
1,14.873685836791992,0.34730595350265503,5.340991973876953,1.0,0.5884908881636446,23
5,20.848434448242188,0.1514648199081421,11.328900337219238,1.0,0.5709838014730352,57
2,3.107377290725708,6.65034818649292,10.513737678527832,0.0,0.0,149
2,3.9199421405792236,2.5851058959960938,7.288054466247559,0.0,0.0,149
6,18.560976028442383,0.1653837412595749,9.160365104675293,1.0,0.49718469035928153,84
4,-1.7373554706573486,20.104948043823242,19.213592529296875,0.0,0.0,149
8,-0.6158579587936401,4.088922500610352,4.265064239501953,0.0,0.0,149
8,14.901224136352539,0.2849791347980499,5.4282073974609375,1.0,0.6581834218075002,48
3,19.146102905273438,0.261923223733902,10.170029640197754,1.0,0.8332418619810548,149
8,21.346452713012695,0.22380933165550232,11.934268951416016,1.0,0.9250606728892585,73
5,13.205257415771484,0.20447446405887604,3.877732276916504,1.0,0.45706060280999045,89
6,17.505704879760742,0.12622418999671936,7.76693058013916,1.0,0.8759944477304397,26
1,21.61685562133789,0.14453792572021484,12.00239372253418,1.0,0.7862721493749226,46
5,19.873111724853516,0.25456610321998596,10.594684600830078,1.0,0.9471737582477656,93
0,22.71109390258789,0.24648147821426392,13.584582328796387,1.0,0.4539347479437582,119
1,14.269792556762695,0.11834008246660233,4.450132846832275,1.0,0.9227520326039008,12
0,15.351649284362793,0.3658430874347687,5.797492027282715,1.0,0.8674891796939621,15
7,14.392528533935547,0.06798794120550156,4.526516914367676,1.0,0.8298754900833323,11
4,14.621484756469727,0.39199593663215637,5.377481460571289,1.0,0.3934512878784198,70
8,13.902152061462402,0.11188194155693054,4.516033172607422,1.0,0.8143863762504413,100
0,13.027009963989258,0.17870447039604187,3.2527148723602295,1.0,0.8411306806868317,9
7,14.561875343322754,0.41307297348976135,5.0329484939575195,1.0,0.9584732147174612,10
3,17.966344833374023,0.14222830533981323,8.23857307434082,1.0,0.8134089573579286,25
8,13.117298126220703,0.3323129713535309,3.526610851287842,1.0,0.8134337784423519,12
6,15.380507469177246,0.4103422462940216,5.885850429534912,1.0,0.8768556449204066,18
9,14.353388786315918,0.09584653377532959,4.5442352294921875,1.0,0.778623109415389,18
2,14.630341529846191,0.350131630897522,5.0674729347229,1.0,0.8796154336644032,17
0,9.517091751098633,0.6819506883621216,10.955057144165039,0.0,0.0,149
2,15.74342155456543,0.05599198117852211,5.937413215637207,1.0,0.8100370276886829,23
5,19.40810775756836,0.26871415972709656,9.997823715209961,1.0,0.4688991992350069,56
3,14.549165725708008,0.04135653004050255,4.647522449493408,1.0,0.8365732803007645,11
3,13.606119155883789,0.3425726294517517,4.04169225692749,1.0,0.8160449548374097,17
3,17.537078857421875,0.0789271667599678,7.700006484985352,1.0,0.924603203686484,17
2,15.195409774780273,0.2212844341993332,5.586695194244385,1.0,0.8439424079840143,33
4,18.854389190673828,0.3358832895755768,9.328271865844727,1.0,0.7610930114482549,26
2,16.728660583496094,0.22717347741127014,7.032834053039551,1.0,0.9261197216299779,15
7,14.017487525939941,0.2803737223148346,4.348861217498779,1.0,0.9570428142100278,11
4,18.471691131591797,0.16985370218753815,8.749544143676758,1.0,0.9419182224389736,20
7,22.124435424804688,0.29365652799606323,12.75809097290039,1.0,0.9536937434403416,70
9,14.393342971801758,0.10500727593898773,4.5993499755859375,1.0,0.8568714338242077,18
0,17.1112060546875,0.28365519642829895,7.539862155914307,1.0,0.9501314571923319,28
6,19.899267196655273,0.22121725976467133,10.817497253417969,1.0,0.6632032686339541,136
1,-0.788659393787384,7.204310417175293,7.165650367736816,0.0,0.0,149
3,14.747539520263672,0.2489650696516037,5.30450439453125,1.0,0.5559975691744764,60
1,14.50977611541748,0.25294339656829834,4.857719898223877,1.0,0.9177676945671649,18
2,21.550506591796875,0.21456119418144226,12.31907844543457,1.0,0.45563691380852267,108
4,15.62678337097168,0.24309678375720978,5.93087911605835,1.0,0.8485008685048026,13
4,22.65673065185547,0.04069593548774719,12.896429061889648,1.0,0.9385809279214412,40
7,18.82710838317871,0.4108366370201111,9.597945213317871,1.0,0.39759772117509123,65
5,20.22545051574707,0.058373674750328064,10.557825088500977,1.0,0.5827111655207463,52
0,15.18697738647461,0.07189871370792389,5.414876937866211,1.0,0.8024408622634376,29
9,15.953786849975586,0.24814990162849426,6.637938499450684,1.0,0.8023771413176911,88
2,13.468443870544434,0.26324236392974854,3.822685718536377,1.0,0.8153048531430999,16
8,17.234939575195312,0.3076185882091522,7.789558410644531,1.0,0.7389662191599023,49
2,-10.460277557373047,36.758243560791016,27.071983337402344,0.0,0.0,149
5,17.53157615661621,0.15800948441028595,7.86858606338501,1.0,0.7715596056007519,33
1,-1.5439119338989258,5.575445652008057,4.7845330238342285,0.0,0.0,149
8,13.702717781066895,0.19110064208507538,3.958817958831787,1.0,0.7128328213029331,12
2,13.599403381347656,0.336249440908432,3.998652935028076,1.0,0.8204807308866325,11
9,10.688549995422363,2.7013301849365234,14.169885635375977,0.0,0.0,149
5,15.61543083190918,0.3963833749294281,6.140817165374756,1.0,0.9866646847656679,26
6,14.344735145568848,0.23733346164226532,4.643068313598633,1.0,0.8535965335313647,10
0,12.192060470581055,0.4105249047279358,2.71158504486084,1.0,0.9903587460444186,22
7,16.364151000976562,0.10813666135072708,6.571288108825684,1.0,0.8855798245341886,17
1,18.9796142578125,0.3390393853187561,10.14765739440918,1.0,0.22156047699307496,130
7,14.553468704223633,0.35885655879974365,5.608325958251953,1.0,0.260282784140375,131
6,12.387907981872559,0.2469417005777359,2.7168495655059814,1.0,0.9148998702663993,16
2,22.216033935546875,0.3434141278266907,12.848453521728516,1.0,0.8773201804891617,58
9,16.214311599731445,0.35590383410453796,6.6542158126831055,1.0,0.8703286933914361,14
6,15.277754783630371,0.4139503240585327,5.897704601287842,1.0,0.4268183032532,39
8,22.454113006591797,0.3608952462673187,13.188013076782227,1.0,0.8966907823957903,73
2,6.974960803985596,3.502134084701538,11.236108779907227,0.0,0.0,149
7,13.22989559173584,0.4230118989944458,3.6949076652526855,1.0,0.9369162425686528,8
2,18.060102462768555,0.15166784822940826,8.498771667480469,1.0,0.7472750132562385,54
2,12.461048126220703,0.2657264173030853,2.8337743282318115,1.0,0.9109456893865617,21
4,18.139738082885742,0.08581326901912689,8.33955192565918,1.0,0.8140847091389986,23
4,13.351102828979492,0.36783304810523987,3.7579357624053955,1.0,0.9162929263834744,8
0,13.881660461425781,0.2032158374786377,4.134876251220703,1.0,0.8580261292378589,9
7,23.96255874633789,0.27162685990333557,14.448187828063965,1.0,0.852314215365845,40
0,14.95693302154541,0.10661434382200241,5.150547981262207,1.0,0.9411067634156497,17
5,14.074170112609863,0.23026764392852783,4.362437725067139,1.0,0.850160436367824,10
3,14.202571868896484,0.3222927153110504,4.995866298675537,1.0,0.3120555705249353,86
6,19.510452270507812,0.14201073348522186,9.819464683532715,1.0,0.8974512896274613,33
3,14.100831985473633,0.2294221818447113,4.38525390625,1.0,0.9201140429701657,10
3,-6.152040004730225,21.138103485107422,15.745075225830078,0.0,0.0,149
2,-1.1437400579452515,9.348358154296875,8.975617408752441,0.0,0.0,149
5,13.386282920837402,0.07276805490255356,3.5170507431030273,1.0,0.6967573704694677,10
6,15.000265121459961,0.27068397402763367,5.333949089050293,1.0,0.9115639508490724,11
4,21.78780174255371,0.3826468884944916,12.569452285766602,1.0,0.4464652707327732,71
4,16.357383728027344,0.1436658501625061,6.789051055908203,1.0,0.8735999411818938,59
5,15.385616302490234,0.196717768907547,5.699335098266602,1.0,0.9028775322931365,23
8,14.154768943786621,0.29257145524024963,4.509340286254883,1.0,0.9118000333918537,12
4,18.150150299072266,0.10283522307872772,8.925993919372559,1.0,0.37096932038420277,124
3,14.045543670654297,0.13102729618549347,4.22257137298584,1.0,0.8013439613101595,10
9,-2.2793326377868652,14.31826400756836,12.797937393188477,0.0,0.0,149
0,12.592752456665039,0.28227725625038147,2.9540297985076904,1.0,0.9088729137065532,16
9,24.148815155029297,0.3835715055465698,14.719388961791992,1.0,0.8857578329713502,37
5,16.453571319580078,0.354004442691803,7.328582286834717,1.0,0.44891010777861184,102
4,16.08620834350586,0.3127954602241516,6.460002899169922,1.0,0.9698607676771124,13
4,13.055855751037598,0.132630854845047,3.504486560821533,1.0,0.9362359273922954,61
1,14.17510986328125,0.3731245696544647,4.600234508514404,1.0,0.8596265593235877,10
9,15.657722473144531,0.07394468039274216,5.785665512084961,1.0,0.9558180465245838,11
6,14.381105422973633,0.2333209216594696,4.663426399230957,1.0,0.8671559010284012,10
8,14.862728118896484,0.3895583748817444,5.352285861968994,1.0,0.6078434105417218,19
7,12.777260780334473,0.3946109116077423,3.2808713912963867,1.0,0.9127975291948079,19
4,22.85293960571289,0.3308570086956024,13.638805389404297,1.0,0.9223193770280781,90
1,15.12755012512207,0.1889122724533081,5.379462718963623,1.0,0.9307137233969928,11
9,14.452005386352539,0.33188697695732117,4.8488922119140625,1.0,0.8419465901566069,12
8,16.3222713470459,0.2921854853630066,6.850457191467285,1.0,0.5331922282531817,42
4,17.35518455505371,0.07384468615055084,7.572029113769531,1.0,0.5779060955446138,27
0,22.65302276611328,0.38273975253105164,13.256762504577637,1.0,0.8474562442357088,42
0,5.345333576202393,8.63991928100586,14.834256172180176,0.0,0.0,149
2,14.675861358642578,0.21948161721229553,4.957343101501465,1.0,0.81251539822302,12
9,13.911989212036133,0.058662597090005875,4.108651638031006,1.0,0.7615858354479845,26
7,16.03215789794922,0.19598793983459473,6.326145648956299,1.0,0.7784497152324515,18
8,13.837565422058105,0.35504764318466187,4.231612682342529,1.0,0.9491485252408802,8
0,18.140758514404297,0.1749512404203415,8.420709609985352,1.0,0.8750799284491972,20
3,13.205815315246582,0.07515256851911545,3.5489678382873535,1.0,0.8897915385609447,52
6,14.020976066589355,0.3804994225502014,4.449475288391113,1.0,0.9830500274194626,8
2,18.294677734375,0.01576119102537632,8.42343807220459,1.0,0.7792189081126585,21
7,13.686882972717285,0.24705885350704193,4.049941539764404,1.0,0.7441589495093459,21
6,16.830018997192383,0.40528497099876404,7.318303108215332,1.0,0.8588143162420468,15
3,3.08697509765625,3.70688533782959,7.597870826721191,0.0,0.0,149
8,13.265355110168457,0.2784667909145355,3.6468214988708496,1.0,0.8982007180638677,19
3,13.677045822143555,0.38979098200798035,4.111836910247803,1.0,0.9840487930615643,8
0,14.601224899291992,0.24491503834724426,4.928140640258789,1.0,0.9792314250452616,16
2,17.57514190673828,0.2276030331850052,7.891745567321777,1.0,0.8754005103509855,18
5,13.729496002197266,0.19823060929775238,4.1307268142700195,1.0,0.4545058491776892,36
3,25.078777313232422,0.36136308312416077,15.669139862060547,1.0,0.8094770174646928,43
3,18.55754852294922,0.10351651906967163,8.810064315795898,1.0,0.675164859901444,27
8,14.886893272399902,0.37700924277305603,5.324902534484863,1.0,0.9290218021052588,13
6,13.386740684509277,0.38717004656791687,3.8289108276367188,1.0,0.7685849747269303,10
5,13.41025161743164,0.19222907721996307,3.7034802436828613,1.0,0.6601411970685434,18
0,16.192276000976562,0.23482295870780945,6.988109111785889,1.0,0.7353307510019379,110
0,19.637401580810547,0.16142761707305908,10.3008394241333,1.0,0.9112418886961201,100
9,23.315937042236328,0.11326884478330612,13.850212097167969,1.0,0.9153138881653036,82
3,13.873098373413086,0.3863357901573181,4.316434383392334,1.0,0.8143345822227368,11
7,13.721755981445312,0.05652976408600807,3.845285415649414,1.0,0.8390426106710425,13
9,18.417400360107422,0.10312769562005997,8.65452766418457,1.0,0.9602434868246882,27
2,15.021430969238281,0.4050920903682709,5.520524024963379,1.0,0.9241634294579529,16
7,13.868146896362305,0.2994525730609894,4.256598949432373,1.0,0.89565167617102,18
0,15.059307098388672,0.3689956068992615,5.485302448272705,1.0,0.9173007070702112,11
5,13.760677337646484,0.41357317566871643,4.415250778198242,1.0,0.29300084057711895,43
4,14.347267150878906,0.1618364006280899,4.581103801727295,1.0,0.7921273240939432,14
5,19.600364685058594,0.05456359684467316,10.046930313110352,1.0,0.3689523366884054,72
1,13.991313934326172,0.3932527005672455,4.444565773010254,1.0,0.9127803645230352,11
2,13.550105094909668,0.37626251578330994,4.1513671875,1.0,0.8540725051724931,44
4,-0.4748181998729706,9.834014892578125,10.115196228027344,0.0,0.0,149
0,21.170236587524414,0.1589134782552719,11.557151794433594,1.0,0.6032331953108928,44
2,1.4489920139312744,10.475566864013672,12.854559898376465,0.0,0.0,149
0,14.745720863342285,0.11216031759977341,4.922881126403809,1.0,0.8607082510347029,12
1,16.03771209716797,0.20400768518447876,6.32672119140625,1.0,0.8667857588152289,16
8,14.15302848815918,0.162847101688385,4.373875617980957,1.0,0.8448549046331094,10
8,11.993220329284668,0.2055191546678543,2.225739002227783,1.0,0.935248668931256,5
9,14.2203369140625,0.19528557360172272,4.494622230529785,1.0,0.9637186065689782,13
5,16.55535888671875,0.2532554566860199,6.992613315582275,1.0,0.4456244280359113,37
1,16.827407836914062,0.2693476378917694,7.223755359649658,1.0,0.7513137730853446,25
3,14.160613059997559,0.23805268108844757,4.467665672302246,1.0,0.8153259584986806,11
7,20.595813751220703,0.30014535784721375,11.026957511901855,1.0,0.9504072097721314,24
4,-2.3720030784606934,10.421935081481934,8.85993766784668,0.0,0.0,149
2,-4.283047676086426,10.707402229309082,7.198367118835449,0.0,0.0,149
4,16.98296356201172,0.13298769295215607,7.188950061798096,1.0,0.9180777316411827,16
2,15.954087257385254,0.37230175733566284,6.472389221191406,1.0,0.6183986292214381,24
7,12.968510627746582,0.21882344782352448,3.2923338413238525,1.0,0.8691167009582504,20
6,15.482065200805664,0.14387576282024384,5.6959404945373535,1.0,0.9562680159540072,13
2,15.872673988342285,0.1867993026971817,6.204473495483398,1.0,0.8576766811911464,28
1,21.36947250366211,0.265656441450119,11.8331298828125,1.0,0.780836577908013,41
4,18.994640350341797,0.08365031331777573,9.223291397094727,1.0,0.7963563361246545,28
4,16.28447723388672,0.358929306268692,6.718406677246094,1.0,0.9069818659405844,14
8,16.67116928100586,0.3995785117149353,7.16774845123291,1.0,0.8564180276729271,19
9,13.658405303955078,0.27516838908195496,4.0525736808776855,1.0,0.6358081946572491,21
7,18.009918212890625,0.16788506507873535,8.347803115844727,1.0,0.9111013471429892,33
9,22.04428482055664,0.04742133989930153,12.292707443237305,1.0,0.6296023321369151,38
7,13.509364128112793,0.3419650197029114,4.556341648101807,1.0,0.3956730097618411,137
4,14.625249862670898,0.30989938974380493,5.0051493644714355,1.0,0.8292172173280352,13
2,13.687929153442383,0.21248725056648254,4.204416275024414,1.0,0.6558463190584201,58
0,18.126834869384766,0.10817155987024307,8.694010734558105,1.0,0.4327117646928991,89
1,17.248851776123047,0.16322487592697144,7.516077518463135,1.0,0.9333594168083561,21
8,16.026119232177734,0.11068684607744217,6.327805519104004,1.0,0.6059071826187746,36
6,23.50338363647461,0.012792875058948994,14.032183647155762,1.0,0.6691718344634162,98
1,13.500581741333008,0.35590991377830505,3.8934919834136963,1.0,0.912273851158375,7
6,16.920120239257812,0.1761392056941986,7.419262409210205,1.0,0.7159314119970114,63
6,15.46110725402832,0.293905109167099,5.840012073516846,1.0,0.881146982446316,16
5,17.211719512939453,0.23759019374847412,7.664312362670898,1.0,0.7965063954946837,39
9,13.699602127075195,0.21823914349079132,4.001841068267822,1.0,0.7059196077822993,14
9,19.06283187866211,0.18063227832317352,9.428462982177734,1.0,0.9075595073226407,36
4,16.968950271606445,0.40685129165649414,7.44680118560791,1.0,0.9791057107298798,15
4,18.676654815673828,0.2801305949687958,9.129785537719727,1.0,0.732154967763707,33
9,18.83376693725586,0.042110905051231384,8.982878684997559,1.0,0.8985393968433324,21
7,23.51943588256836,0.30751198530197144,14.13794994354248,1.0,0.7032632757867607,60
4,13.671281814575195,0.19899652898311615,3.912278175354004,1.0,0.8693467586602996,8
9,16.071754455566406,0.26607346534729004,6.543828010559082,1.0,0.9175233102085243,42
5,3.905996322631836,2.4953224658966064,7.178326606750488,0.0,0.0,149
2,14.401352882385254,0.39418119192123413,5.05253791809082,1.0,0.8079732430741308,48
8,19.65536880493164,0.3583853244781494,10.130755424499512,1.0,0.9093625649376789,23
1,17.494653701782227,0.3038378655910492,7.887491226196289,1.0,0.9185016548021677,18
0,13.535208702087402,0.4211680591106415,4.092376708984375,1.0,0.5227817174920149,25
4,19.19266128540039,0.38074615597724915,9.6574068069458,1.0,1.0,17
2,16.31190299987793,0.23651795089244843,6.615420341491699,1.0,0.9316491666378609,13
0,18.305965423583984,0.3385869860649109,8.860551834106445,1.0,0.6051457700387107,38
5,17.979276657104492,0.23199059069156647,8.2832670211792,1.0,1.0,14
4,14.433414459228516,0.2676815986633301,4.767095565795898,1.0,0.787367671257243,14
5,15.425437927246094,0.20001822710037231,5.743457317352295,1.0,0.9390948978044845,22
9,17.370113372802734,0.2900203764438629,7.752131938934326,1.0,0.928719440390148,18
1,20.371925354003906,0.07558632642030716,10.56151294708252,1.0,0.8836901983749342,23
3,20.51308822631836,0.13511787354946136,10.792207717895508,1.0,0.9315402027839615,29
9,18.002614974975586,0.31592634320259094,8.397541046142578,1.0,1.0,16
7,14.711969375610352,0.24373061954975128,5.04270076751709,1.0,0.7606115290268745,17
3,15.348974227905273,0.3590552508831024,5.858029842376709,1.0,0.5959020856917875,26
6,17.42046546936035,0.21237242221832275,7.758838176727295,1.0,0.9031173330565785,26
3,2.725818634033203,5.635012626647949,9.15284252166748,0.0,0.0,149
3,-1.0906224250793457,9.067564010620117,8.735940933227539,0.0,0.0,149
3,21.670570373535156,0.17391803860664368,12.484491348266602,1.0,0.359079493851016,115
6,15.129770278930664,0.4236789345741272,5.667449951171875,1.0,0.9754999740900219,23
7,17.866758346557617,0.3938232660293579,8.40658187866211,1.0,0.7048069456408809,27
3,18.434253692626953,0.2810516059398651,8.843306541442871,1.0,0.8568757919900635,24
6,5.61318826675415,2.973398208618164,9.372590065002441,0.0,0.0,149
0,15.49677848815918,0.31048253178596497,5.993260860443115,1.0,0.7418862653092014,35
3,15.927350997924805,0.20640793442726135,6.274759292602539,1.0,0.6046257545209444,26
3,19.625274658203125,0.09367088228464127,9.861948013305664,1.0,1.0,27
5,17.693958282470703,0.38074931502342224,8.547708511352539,1.0,0.756626025099533,93
7,18.81582260131836,0.35525792837142944,9.378084182739258,1.0,0.9045533134526834,41
0,3.4007890224456787,1.0636427402496338,5.262436866760254,0.0,0.0,149
1,8.566913604736328,4.865174770355225,14.212102890014648,0.0,0.0,149
4,18.277057647705078,0.3043971359729767,9.116458892822266,1.0,0.332520221392771,97
1,21.86713218688965,0.35512346029281616,12.388256072998047,1.0,0.9143411618736069,31
1,23.319473266601562,0.10248123854398727,13.716957092285156,1.0,0.5514737370035699,55
4,15.660062789916992,0.17256776988506317,6.014631271362305,1.0,0.5596393665902715,33
3,13.82889461517334,0.09995009750127792,4.013844966888428,1.0,0.5064692126119567,16
9,19.229877471923828,0.2809244692325592,9.731803894042969,1.0,1.0,45
8,16.32185173034668,0.2734442949295044,6.833297252655029,1.0,0.4795771972526636,40
7,13.78203296661377,0.27253374457359314,4.096566677093506,1.0,0.9179541354057793,8
1,14.595186233520508,0.16312885284423828,4.8663153648376465,1.0,0.9218086585283721,20
1,16.03076171875,0.17636507749557495,6.315125942230225,1.0,0.7552114238753608,17
6,20.905487060546875,0.18871797621250153,11.632209777832031,1.0,0.5181524430538496,106
6,-2.5852441787719727,16.988887786865234,15.243646621704102,0.0,0.0,149
8,22.68136978149414,0.3037968575954437,13.119165420532227,1.0,0.9450329898855445,27
1,14.065765380859375,0.3183608949184418,4.4371256828308105,1.0,0.8957692340806244,9
6,14.973241806030273,0.3689884841442108,5.399230003356934,1.0,1.0,11
4,-0.8670743703842163,7.837257385253906,7.849183082580566,0.0,0.0,149
5,14.445568084716797,0.1816398650407791,4.681207656860352,1.0,0.8402981661228833,11
7,20.921951293945312,0.15162742137908936,11.232580184936523,1.0,0.716929060371284,32
9,14.532899856567383,0.4222285747528076,5.016128063201904,1.0,0.9291840807719096,10
7,19.372615814208984,0.21449601650238037,9.904111862182617,1.0,0.5226824886886464,57
9,16.658382415771484,0.24871666729450226,7.076099395751953,1.0,0.6953541351701944,31
7,18.42635154724121,0.3399321138858795,9.192289352416992,1.0,0.8485689450829305,83
8,15.02596378326416,0.30365636944770813,5.471621036529541,1.0,0.8861409681431262,28
2,16.786712646484375,0.3095831274986267,7.3582963943481445,1.0,0.47198290484642985,49
3,0.7859408855438232,10.627891540527344,12.166831970214844,0.0,0.0,149
7,23.25385284423828,0.40568313002586365,13.876535415649414,1.0,0.7556751869143506,40
6,15.205281257629395,0.285186767578125,5.569467544555664,1.0,0.9567860068934476,16
1,14.545280456542969,0.14109893143177032,4.765379428863525,1.0,0.9340777069191316,16
4,15.224148750305176,0.3454008996486664,5.628549575805664,1.0,0.916753419842495,12
5,17.262290954589844,0.34699273109436035,7.712284088134766,1.0,0.818849217269014,19
7,15.453222274780273,0.37458378076553345,5.933806419372559,1.0,0.9076761669819405,22
0,20.903404235839844,0.2070501744747162,11.315458297729492,1.0,0.9024348861961256,40
9,13.705976486206055,0.22621604800224304,4.066192626953125,1.0,0.6962336313090829,24
2,14.598325729370117,0.08099353313446045,4.7693190574646,1.0,0.9145378440785812,17
1,19.7207088470459,0.35796594619750977,10.219675064086914,1.0,0.9494169978852264,29
8,-2.0969181060791016,12.068686485290527,10.7307710647583,0.0,0.0,149
5,13.504335403442383,0.3894069492816925,3.9317424297332764,1.0,0.8085985994975974,9
1,24.479156494140625,0.11847013980150223,14.946630477905273,1.0,0.5796034368322944,70
5,14.423064231872559,0.16898195445537567,4.636045932769775,1.0,0.9128380619945766,9
5,24.22076416015625,0.4136621952056885,14.795428276062012,1.0,0.9019244670434766,33
3,14.706489562988281,0.2397659569978714,5.014255523681641,1.0,0.9439614200149595,12
4,16.74184799194336,0.25154051184654236,7.075387954711914,1.0,0.87265072188767,16
2,16.20525360107422,0.14848360419273376,6.486737251281738,1.0,0.7596128874396362,25
0,15.790666580200195,0.21427109837532043,6.0719380378723145,1.0,0.9629505490919175,13
1,15.55620002746582,0.21303564310073853,5.841236114501953,1.0,0.9422053350272702,14
8,14.405783653259277,0.4033852815628052,4.86116886138916,1.0,0.8954866689588313,10
9,17.501718521118164,0.36766305565834045,8.292386054992676,1.0,0.46392069971515126,80
3,20.686784744262695,0.31831058859825134,11.355101585388184,1.0,0.9522465554663623,69
0,21.60870361328125,0.40674203634262085,12.766458511352539,1.0,0.7752160576307637,148
2,17.833972930908203,0.14200301468372345,8.089975357055664,1.0,0.7912204322475443,23
1,16.61376190185547,0.3871772885322571,7.120938777923584,1.0,0.7256350275293697,20
9,4.503571510314941,4.592957019805908,9.90353775024414,0.0,0.0,149
0,16.447683334350586,0.1495392620563507,6.735222816467285,1.0,0.7468447878375712,23
1,2.4030752182006836,4.99839448928833,8.217477798461914,0.0,0.0,149
1,12.043634414672852,0.2127879410982132,2.3224217891693115,1.0,0.7750772996878115,11
0,24.91640853881836,0.3624812364578247,15.505889892578125,1.0,0.7891470059754228,42
0,17.028289794921875,0.1739603579044342,7.399251937866211,1.0,0.8461782544508787,36
0,12.153963088989258,0.3364153206348419,2.5303783416748047,1.0,0.6775484010664746,7
8,23.520299911499023,0.1935485303401947,14.035850524902344,1.0,0.5713212353760383,61
3,17.716466903686523,0.36371350288391113,8.19618034362793,1.0,0.7419984506153723,21
8,17.88796615600586,0.41607028245925903,8.519036293029785,1.0,0.8907432917840662,42
5,21.167152404785156,0.11754544079303741,11.572699546813965,1.0,0.8609601278363693,59
6,23.392017364501953,0.15605546534061432,13.702072143554688,1.0,0.8890688131309896,31
2,13.026618957519531,0.334719181060791,3.4243383407592773,1.0,1.0,11
0,14.97159194946289,0.055605579167604446,5.338197231292725,1.0,0.6861981076623201,60
1,16.421993255615234,0.2260139435529709,6.838007926940918,1.0,0.46424032866994364,34
0,18.210773468017578,0.2825486660003662,8.627321243286133,1.0,0.9140520194026226,24
0,18.19236946105957,0.30444982647895813,8.606821060180664,1.0,0.8977528384470661,21
5,1.7868897914886475,16.122404098510742,18.71929359436035,0.0,0.0,149
3,13.692085266113281,0.2759782671928406,4.078063011169434,1.0,0.7164112402582764,21
9,23.396852493286133,0.14503613114356995,13.739890098571777,1.0,0.8139348670982,38
1,13.17744255065918,0.296627014875412,3.549069404602051,1.0,0.6902691454491797,14
3,18.997989654541016,0.16985268890857697,9.26684284210205,1.0,0.8498989353994106,20
2,16.697507858276367,0.220363050699234,7.067872047424316,1.0,0.8341608135400924,29
5,14.315624237060547,0.09606212377548218,4.460686683654785,1.0,0.8880154778170867,10
5,20.2459716796875,0.3800370991230011,10.828008651733398,1.0,0.865126890028174,40
2,25.636587142944336,0.21029405295848846,16.20188331604004,1.0,0.7473982075516329,70
7,15.147822380065918,0.21257662773132324,5.432399272918701,1.0,0.9261316685254225,14
6,13.672820091247559,0.3184008300304413,4.435229301452637,1.0,0.8787522639699017,89
6,2.5042214393615723,10.291787147521973,13.555024147033691,0.0,0.0,149
4,17.626188278198242,0.0783965215086937,7.943586826324463,1.0,0.5538522494202776,45
9,21.29953384399414,0.3145865499973297,11.754120826721191,1.0,0.8901649693765036,30
1,26.269428253173828,0.16298907995224,16.72541618347168,1.0,0.749551463449291,54
9,15.217196464538574,0.225819930434227,5.610017776489258,1.0,0.464641982808575,30
9,16.7768611907959,0.21108399331569672,7.619949817657471,1.0,0.8112870232164653,126
7,13.978437423706055,0.177982896566391,4.344420909881592,1.0,0.7294816251213475,36
6,16.560544967651367,0.19645066559314728,6.832995414733887,1.0,0.8855687118435305,16
2,15.124038696289062,0.15876741707324982,5.409807205200195,1.0,0.9358207040960769,25
1,15.953611373901367,0.06549009680747986,6.088100910186768,1.0,0.8866623227109548,14
6,17.642547607421875,0.2742534875869751,7.998800277709961,1.0,0.8937223304703372,16
7,-0.4233192205429077,7.895587921142578,8.327268600463867,0.0,0.0,149
2,15.556726455688477,0.2639669179916382,5.897694110870361,1.0,0.828109759688422,15
4,18.961389541625977,0.12236183136701584,9.461755752563477,1.0,0.5590770968064271,71
0,-0.02138805389404297,10.381840705871582,11.125452041625977,0.0,0.0,149
5,17.616334915161133,0.2507401406764984,7.982076644897461,1.0,0.9794046076807268,25
3,19.31601333618164,0.2213573306798935,9.64637279510498,1.0,0.9272805073399744,22
8,0.8974871635437012,6.854801177978516,8.523299217224121,0.0,0.0,149
9,15.638320922851562,0.41908568143844604,6.1984076499938965,1.0,0.8273017337270414,26
6,15.656205177307129,0.1503630131483078,5.907567977905273,1.0,0.8222946115867977,21
3,17.300477981567383,0.40988361835479736,7.892363548278809,1.0,0.8786400438614359,36
8,-4.173346042633057,18.669178009033203,15.248847961425781,0.0,0.0,149
2,19.833900451660156,0.17117765545845032,10.131078720092773,1.0,0.9073339852169853,26
3,16.561464309692383,0.11536011099815369,6.90982723236084,1.0,0.8058149796875907,45
9,5.89800500869751,4.89717960357666,11.581194877624512,0.0,0.0,149
4,15.852953910827637,0.2921723425388336,6.22212553024292,1.0,0.8079053820086565,15
0,15.355334281921387,0.37391671538352966,5.978255271911621,1.0,0.8067976215310022,50
7,19.77179718017578,0.11903871595859528,10.004836082458496,1.0,0.9078057211675802,23
7,13.865898132324219,0.42242005467414856,4.335317611694336,1.0,0.9965406328456984,9
2,17.918703079223633,0.22815610468387604,8.244860649108887,1.0,0.9362033907295191,18
6,21.600475311279297,0.14732347428798676,11.894798278808594,1.0,0.9185608589364451,29
8,14.831472396850586,3.5764474868774414,19.244922637939453,0.0,0.0,149
6,15.018068313598633,0.08041142672300339,5.162479400634766,1.0,0.8135584139248175,13
9,16.929479598999023,0.06102297827601433,7.222506523132324,1.0,0.8329650759949568,46
9,14.906420707702637,0.3902079164981842,5.370628356933594,1.0,0.9135878195472011,12
3,18.181774139404297,0.2957363426685333,8.597511291503906,1.0,0.8887105882534588,23
0,16.358640670776367,0.07866019010543823,6.512301445007324,1.0,0.9164765880432743,14
1,14.25953483581543,0.12288859486579895,4.732427597045898,1.0,0.7484458199092663,69
7,15.998313903808594,0.164317324757576,6.2246317863464355,1.0,0.9629222220566106,12
5,18.120962142944336,0.3928676247596741,8.600830078125,1.0,0.9389484366529245,17
7,24.072433471679688,0.18354833126068115,14.541984558105469,1.0,0.9027253393463366,58
6,15.543673515319824,0.3587910234928131,6.3444719314575195,1.0,0.9219939365705503,88
0,16.11754035949707,0.3422866463661194,6.565827369689941,1.0,0.919511208803273,19
9,18.830528259277344,0.09218403697013855,9.508716583251953,1.0,0.4834381368735381,115
5,-5.696604251861572,12.343535423278809,7.477937698364258,0.0,0.0,149
8,3.851545810699463,4.138159275054932,8.838708877563477,0.0,0.0,149
9,17.0028076171875,0.25012150406837463,7.360930442810059,1.0,0.8846871998389085,20
2,16.838891983032227,0.09919078648090363,7.073083400726318,1.0,0.6115555607595048,26
2,22.90923500061035,0.21157978475093842,13.742823600769043,1.0,0.7108996290648474,121
9,24.762432098388672,0.17574651539325714,15.154178619384766,1.0,0.8474209300648243,41
3,19.459510803222656,0.171958327293396,9.763470649719238,1.0,0.8892371417130815,26
1,-1.0949393510818481,12.990182876586914,12.717244148254395,0.0,0.0,149
3,1.315821647644043,6.7067766189575195,8.817605018615723,0.0,0.0,149
3,19.200231552124023,0.05209692195057869,9.557330131530762,1.0,0.4053005546852939,57
4,0.12504516541957855,9.963613510131836,10.868658065795898,0.0,0.0,149
4,-1.1746463775634766,10.971861839294434,10.550214767456055,0.0,0.0,149
2,15.19296646118164,0.14360041916370392,5.431567192077637,1.0,0.8216063782708801,18
1,17.5230712890625,0.15149620175361633,8.247572898864746,1.0,0.5411137074083561,110
1,3.004889965057373,2.9275765419006348,6.703475475311279,0.0,0.0,149
5,17.279651641845703,0.1661648005247116,7.755820274353027,1.0,0.7552631153953456,61
2,20.638988494873047,0.274764746427536,11.268754959106445,1.0,0.64570930274986,64
3,16.960451126098633,0.1660388708114624,7.478493690490723,1.0,0.5170601188949495,70
7,17.817115783691406,0.11734215170145035,8.624458312988281,1.0,0.6147625828572715,134
5,25.969282150268555,0.3920036554336548,16.67228889465332,1.0,0.8498102934560833,63
6,14.660608291625977,0.20520195364952087,4.929810523986816,1.0,0.8222994199541954,13
6,17.726306915283203,0.09137383848428726,7.90368127822876,1.0,0.9733799404337591,18
6,15.257265090942383,0.1727924346923828,5.700060844421387,1.0,0.8828012594319573,53
7,18.345367431640625,0.2728922665119171,8.861261367797852,1.0,0.7107016636993404,47
5,15.307994842529297,0.2487253099679947,5.624719619750977,1.0,0.9179405724046287,12
7,16.98602294921875,0.3779216706752777,7.489943981170654,1.0,0.928771431942361,26
8,18.28472328186035,0.381892591714859,8.775615692138672,1.0,0.8984552733491559,19
2,16.000240325927734,0.33118370175361633,6.393423557281494,1.0,0.9728608585697894,12
4,19.987398147583008,0.28842294216156006,10.471822738647461,1.0,0.8145384322881436,37
6,18.80278205871582,0.18053361773490906,9.2913179397583,1.0,0.5585462994854227,60
7,19.07640838623047,0.17113196849822998,9.498540878295898,1.0,0.4183219590735179,48
8,16.8854923248291,0.4244411289691925,7.516935348510742,1.0,0.617158494087935,38
9,17.212783813476562,0.2183341681957245,7.701118469238281,1.0,0.6246269015484848,53
0,19.773452758789062,0.019664157181978226,9.910118103027344,1.0,0.8112041615002556,23
5,20.567947387695312,0.08760537207126617,10.844552993774414,1.0,0.898726475194417,35
6,18.522937774658203,0.24638834595680237,9.135329246520996,1.0,0.5304241626340591,68
9,4.922887802124023,3.6334869861602783,9.345386505126953,0.0,0.0,149
9,17.310762405395508,0.30286023020744324,7.684622764587402,1.0,0.9267764112512523,15
7,-6.938940525054932,17.662818908691406,11.518889427185059,0.0,0.0,149
6,2.2208027839660645,6.686419486999512,9.699230194091797,0.0,0.0,149
2,-7.384647846221924,17.283700942993164,10.74806022644043,0.0,0.0,149
3,1.1734238862991333,9.092066764831543,11.042490005493164,0.0,0.0,149
6,1.852184534072876,9.184048652648926,11.78924560546875,0.0,0.0,149
4,18.999454498291016,0.3499813377857208,9.480436325073242,1.0,0.8719572099181643,24
3,15.137243270874023,0.30209922790527344,5.981348991394043,1.0,0.28926008575411033,105
4,19.772253036499023,0.231379896402359,10.245634078979492,1.0,0.9530123432901074,48
8,16.99835968017578,0.2224402278661728,7.953808784484863,1.0,0.27397856255380376,142
9,16.402746200561523,0.4024733603000641,6.889219760894775,1.0,0.9611891269601506,17
5,19.85475730895996,0.2431192398071289,10.373881340026855,1.0,0.9025820759406395,56
9,21.28204917907715,0.39335954189300537,11.996414184570312,1.0,0.8968126173385592,65
5,18.754470825195312,0.10492761433124542,9.172402381896973,1.0,0.8828220784721966,64
8,21.405860900878906,0.3075611889362335,11.958423614501953,1.0,0.9539671183632438,48
0,18.191364288330078,0.23202337324619293,8.826390266418457,1.0,0.5280931704566066,76
8,20.604421615600586,0.2816850543022156,11.01010799407959,1.0,0.9179201442347293,25
1,19.478858947753906,0.39625871181488037,10.07311725616455,1.0,0.8940976499465372,38
5,18.903812408447266,0.1020289808511734,9.495842933654785,1.0,0.4537288859610549,91
7,22.496994018554688,0.28015199303627014,12.949146270751953,1.0,0.8094699598102766,34
0,23.883747100830078,0.413600891828537,14.503351211547852,1.0,0.942423864694901,42
3,15.370240211486816,0.01619892008602619,5.44843864440918,1.0,0.8764404252347668,12
1,21.625455856323242,0.19850057363510132,12.395959854125977,1.0,0.35429021802164457,108
2,18.692338943481445,0.1876133382320404,9.209957122802734,1.0,0.8592507476127035,65
2,15.517232894897461,0.20541886985301971,5.779651641845703,1.0,0.9323879918586108,11
8,16.859025955200195,0.39992979168891907,7.674963474273682,1.0,0.9517259694990554,84
4,19.607995986938477,0.13232682645320892,9.965326309204102,1.0,0.8993784883850637,44
0,22.80054473876953,0.16078594326972961,13.167330741882324,1.0,0.9549858767572145,42
8,15.865752220153809,0.2606163024902344,6.223368167877197,1.0,0.6268603413078573,19
0,0.2731205224990845,11.386651992797852,12.571772575378418,0.0,0.0,149
5,0.16673946380615234,9.110210418701172,10.098958015441895,0.0,0.0,149
8,-4.2926435470581055,16.32516098022461,12.812532424926758,0.0,0.0,149
0,19.315475463867188,0.12286873161792755,9.672344207763672,1.0,0.78045428180653,44
0,4.284384250640869,7.115969657897949,12.174357414245605,0.0,0.0,149
3,19.990537643432617,0.26090580224990845,10.710450172424316,1.0,0.8046071733529488,89
8,27.00811767578125,0.05118974298238754,17.355308532714844,1.0,0.7292476985340515,54
5,2.4908924102783203,15.081269264221191,18.430166244506836,0.0,0.0,149
3,23.76549530029297,0.29502370953559875,14.32352066040039,1.0,0.7465137191971121,51
7,16.07517433166504,0.12038028240203857,6.393555641174316,1.0,0.5299946539329943,38
8,22.998401641845703,0.4028804302215576,13.700286865234375,1.0,0.5998743765174667,57
4,20.522497177124023,0.29754626750946045,10.937044143676758,1.0,0.9207540581755027,23
2,20.734424591064453,0.2274695485830307,11.189895629882812,1.0,0.9149214536589402,44
4,-2.350764751434326,12.70722484588623,11.178462028503418,0.0,0.0,149
5,13.878304481506348,0.15720658004283905,4.098511695861816,1.0,0.8503101033169891,11
7,17.891136169433594,0.047410935163497925,8.412556648254395,1.0,0.8692362536101803,95
6,16.891157150268555,0.09424620866775513,7.195403099060059,1.0,0.5871561860573592,38
9,16.924867630004883,0.12520483136177063,7.132071495056152,1.0,0.9066868355530028,16
2,20.427955627441406,0.28830769658088684,10.95826530456543,1.0,0.7456956312016318,45
3,17.019062042236328,0.09218744188547134,7.2102508544921875,1.0,0.8939155828457311,20
9,17.155569076538086,0.28099170327186584,7.5685625076293945,1.0,0.8877668772039612,26
8,24.995864868164062,0.37327322363853455,15.727140426635742,1.0,0.6697678064645809,67
1,28.497661590576172,0.2588430941104889,19.163503646850586,1.0,0.5290900186434894,75
7,14.704533576965332,0.21362009644508362,5.0061540603637695,1.0,0.8301574056368297,13
1,15.155960083007812,0.057990726083517075,5.28695011138916,1.0,0.7572844021257574,13
4,19.05021858215332,0.3293118476867676,9.929536819458008,1.0,0.6556390760517058,103
7,17.881916046142578,0.09601467102766037,8.095931053161621,1.0,0.8575756779701905,22
4,17.5457706451416,0.085072360932827,7.81484317779541,1.0,0.6147490594459298,34
4,18.03398895263672,0.2827211916446686,8.405710220336914,1.0,0.8966308551572482,18
1,-1.0978543758392334,13.335908889770508,13.165056228637695,0.0,0.0,149
4,14.766121864318848,0.3991900086402893,5.337312698364258,1.0,0.828428888155388,34
5,19.69378662109375,0.3308298587799072,10.139616966247559,1.0,0.9213213204821027,25
2,-3.5868477821350098,16.80303192138672,13.972200393676758,0.0,0.0,149
1,18.284303665161133,0.3695313632488251,8.772834777832031,1.0,0.9276747963232692,21
6,15.244455337524414,0.30304890871047974,5.622504234313965,1.0,0.7992117243222052,14
1,-0.9697368741035461,14.980264663696289,14.76652717590332,0.0,0.0,149
4,1.2778432369232178,19.46663475036621,21.560487747192383,0.0,0.0,149
6,-2.6833724975585938,15.817167282104492,13.898801803588867,0.0,0.0,149
9,14.560873031616211,0.28767967224121094,4.939551830291748,1.0,0.904559634598391,19
2,18.457185745239258,0.4223010838031769,9.005487442016602,1.0,0.9244364627832324,26
5,15.873464584350586,0.11362858861684799,6.12209415435791,1.0,0.787910832120668,26
8,2.6840615272521973,8.287914276123047,11.790979385375977,0.0,0.0,149
8,15.79660701751709,0.32666516304016113,6.239272594451904,1.0,0.7825114235861316,21
3,23.6676025390625,0.31212297081947327,14.136725425720215,1.0,0.860158393572811,31
0,-1.8682047128677368,9.798613548278809,8.710415840148926,0.0,0.0,149
6,18.62683868408203,0.2085382342338562,9.02537727355957,1.0,0.6030540440212878,34
2,17.21127700805664,0.3393409252166748,7.70461893081665,1.0,0.9197911929309187,31
3,15.985445976257324,0.3668474555015564,6.42429256439209,1.0,0.8956685437147942,14
3,15.000253677368164,0.27289873361587524,5.330151557922363,1.0,0.9323022865686532,11
8,22.546039581298828,0.21717441082000732,13.25122356414795,1.0,0.8969926652164121,96
5,16.880739212036133,0.24538394808769226,7.213123321533203,1.0,0.877293901178372,17
0,17.36815643310547,0.3268585205078125,7.787015438079834,1.0,0.9752120007224117,18
2,-3.390085220336914,18.46920394897461,15.868120193481445,0.0,0.0,149
9,0.17446696758270264,20.77320098876953,21.757667541503906,0.0,0.0,149
7,15.37881088256836,0.18711742758750916,5.68192720413208,1.0,0.6905064808115392,21
8,20.0530948638916,0.2563017010688782,11.031410217285156,1.0,0.8390677202532489,144
9,17.9937686920166,0.1350344717502594,8.230802536010742,1.0,0.8891745644254475,20
0,18.78351402282715,0.3623278737068176,9.368843078613281,1.0,0.5189307512122436,40
8,15.311676025390625,0.36509034037590027,5.749767303466797,1.0,0.898710278094702,16
8,20.499507904052734,0.1910918653011322,10.873601913452148,1.0,0.7219662008249179,35
2,22.622364044189453,0.3511240482330322,13.295490264892578,1.0,0.8375836825419558,64
1,-4.619467258453369,14.29721736907959,10.517755508422852,0.0,0.0,149
7,-1.437673568725586,15.903420448303223,15.218746185302734,0.0,0.0,149
7,14.433591842651367,0.10848262161016464,4.600074768066406,1.0,0.7924212660561699,10
9,15.41458797454834,0.14250630140304565,5.789093971252441,1.0,0.7636253080222111,43
3,7.362919807434082,11.40501880645752,19.571950912475586,0.0,0.0,149
5,13.656344413757324,0.39716506004333496,4.1005096435546875,1.0,0.9373129997330854,9
6,16.972341537475586,0.20723170042037964,7.6095757484436035,1.0,0.3046167168108357,76
1,20.97214698791504,0.21989348530769348,11.860044479370117,1.0,0.5926256940831325,126
5,15.634434700012207,0.16500264406204224,5.919437408447266,1.0,0.8560571863420977,23
0,13.719278335571289,0.38843005895614624,4.234708786010742,1.0,1.0,25
0,18.3206787109375,0.14802388846874237,8.61870288848877,1.0,0.7842989485416855,26
8,14.749921798706055,0.06075343117117882,5.0276780128479,1.0,0.780945613409593,43
3,14.73411750793457,0.14346115291118622,4.975578784942627,1.0,0.8979984894507632,18
2,16.189661026000977,0.3415756821632385,6.687237739562988,1.0,0.6965223465390948,29
4,8.674796104431152,1.1698178052902222,10.603622436523438,0.0,0.0,149
2,14.659915924072266,0.3975907862186432,5.124506950378418,1.0,1.0,13
9,15.13299560546875,0.22182400524616241,5.431818962097168,1.0,0.8333227748208388,15
0,7.268449306488037,17.254993438720703,25.3304500579834,0.0,0.0,149
8,8.746377944946289,3.398716926574707,12.985100746154785,0.0,0.0,149
8,16.398792266845703,0.2784988582134247,6.799291610717773,1.0,0.9185364344132362,24
4,2.2225570678710938,11.102828979492188,14.159392356872559,0.0,0.0,149
0,3.4355812072753906,11.016690254211426,15.217280387878418,0.0,0.0,149
1,16.406475067138672,0.3468122184276581,6.959291458129883,1.0,0.8931928357354258,39
7,7.139187812805176,13.623163223266602,21.545364379882812,0.0,0.0,149
4,16.538591384887695,0.42254358530044556,7.462143421173096,1.0,0.9067339342955,101
2,14.902155876159668,0.20972926914691925,5.76188850402832,1.0,0.5023420377356792,120
1,18.615886688232422,0.04777970910072327,8.758667945861816,1.0,0.924846956229204,18
6,16.4182186126709,0.39898681640625,6.9322052001953125,1.0,0.9514655954600775,22
4,18.67205810546875,0.24278321862220764,9.079843521118164,1.0,0.9108449014137704,32
3,15.785112380981445,0.17682982981204987,6.046942710876465,1.0,0.8382641235549977,16
4,4.875082969665527,6.923075199127197,12.563172340393066,0.0,0.0,149
5,16.516887664794922,0.26658526062965393,6.8574724197387695,1.0,0.97377498727303,15
1,16.306625366210938,0.04387069493532181,6.62749719619751,1.0,0.3722979442593537,52
0,20.358051300048828,0.374065637588501,10.85511589050293,1.0,0.9450372824811738,26
1,5.730842590332031,4.833528518676758,11.314386367797852,0.0,0.0,149
3,27.386661529541016,0.34343916177749634,18.390104293823242,1.0,1.0,128
6,21.140066146850586,0.11642913520336151,11.401495933532715,1.0,0.8962363592799374,28
0,17.118938446044922,0.37866172194480896,7.792599678039551,1.0,0.8362420948876973,55
2,-0.4814872741699219,25.615922927856445,25.926435470581055,0.0,0.0,149
3,18.375377655029297,0.1528424471616745,8.6652193069458,1.0,0.6848251923275228,24
5,21.300556182861328,0.34868311882019043,11.9092435836792,1.0,0.8688701890626962,54
9,17.496854782104492,0.227052241563797,8.121907234191895,1.0,0.8549753197335761,78
1,16.965633392333984,0.181466206908226,7.239099502563477,1.0,0.8352914323694067,18
6,19.351421356201172,0.20252227783203125,10.143945693969727,1.0,0.883246616467636,117
5,17.628171920776367,0.1819486916065216,7.915121078491211,1.0,0.8614900313638129,20
0,17.768138885498047,0.23555436730384827,8.115693092346191,1.0,0.9079660382339939,22
2,11.502643585205078,1.006961703300476,13.310614585876465,0.0,0.0,149
0,-5.729002952575684,17.788299560546875,12.848302841186523,0.0,0.0,149
7,18.115861892700195,0.3025429844856262,8.569406509399414,1.0,0.9050187412515044,31
6,-4.10449743270874,29.836116790771484,26.56262969970703,0.0,0.0,149
5,1.6595393419265747,6.494873046875,8.916413307189941,0.0,0.0,149
6,-1.4705173969268799,9.852346420288086,9.131828308105469,0.0,0.0,149
4,18.706289291381836,0.3751973509788513,9.173486709594727,1.0,0.958250475009492,18
7,4.060634136199951,12.745097160339355,17.67573356628418,0.0,0.0,149
1,19.197242736816406,0.21492788195610046,9.618171691894531,1.0,0.8914826434210185,42
2,19.424787521362305,0.3663010001182556,9.926090240478516,1.0,0.9760072451817872,26
1,19.159181594848633,0.37958163022994995,9.732765197753906,1.0,0.91635451532452,36
1,1.347416877746582,13.841754913330078,16.059171676635742,0.0,0.0,149
6,2.450807571411133,8.317543983459473,11.548362731933594,0.0,0.0,149
0,20.573062896728516,0.25904369354248047,11.008110046386719,1.0,0.9436407925901589,36
9,21.722332000732422,0.3736189901828766,12.388951301574707,1.0,0.8340005601048316,54
3,-4.190309524536133,30.795194625854492,27.411893844604492,0.0,0.0,149
3,22.129867553710938,0.41429242491722107,12.983165740966797,1.0,0.6355774495297827,85
7,4.451892852783203,13.674542427062988,18.909446716308594,0.0,0.0,149
2,23.464439392089844,0.34640994668006897,14.158853530883789,1.0,0.9295897157102287,71
4,-1.320516586303711,13.7805757522583,13.294060707092285,0.0,0.0,149
9,3.971442222595215,9.498629570007324,14.250083923339844,0.0,0.0,149
7,-1.201663613319397,15.189644813537598,14.788987159729004,0.0,0.0,149
8,24.52867317199707,0.39815065264701843,15.267827987670898,1.0,0.938014804063435,69
8,23.948219299316406,0.40196141600608826,14.976181983947754,1.0,0.6585700329564633,123
4,4.609406471252441,9.767328262329102,15.147744178771973,0.0,0.0,149
6,18.668174743652344,0.2919757068157196,9.107151985168457,1.0,0.8792871741238484,29
9,19.80858612060547,0.2027837038040161,10.122371673583984,1.0,0.9343035032477466,20
7,20.09798240661621,0.31709104776382446,11.116077423095703,1.0,0.643686928786232,135
5,-4.591639518737793,19.006351470947266,15.251713752746582,0.0,0.0,149
8,5.198309421539307,9.736457824707031,15.726778030395508,0.0,0.0,149
2,27.318260192871094,0.19174158573150635,17.809003829956055,1.0,0.7483238659870227,57
3,-3.476743698120117,23.539310455322266,20.839567184448242,0.0,0.0,149
0,-0.6209325790405273,23.930301666259766,24.182369232177734,0.0,0.0,149
1,0.3027518391609192,23.17755699157715,24.362308502197266,0.0,0.0,149
4,37.94406509399414,0.41236555576324463,29.082420349121094,1.0,0.5493854243921732,143
